neuronID,neuronClass,figNeuronClass,synonym,cellType,sensoryType,sensoryType:chemical,sensoryType:odor,sensoryType:pheromone,sensoryType:osmolarity,sensoryType:oxygen,sensoryType:carbon_dioxide,sensoryType:photon,sensoryType:thermal,sensoryType:electrical,sensoryType:mechanical,sensoryType:stretch,sensoryType:nociceptive,cellType:pharynx,cellType:sensory,cellType:interneuron,cellType:motor,cellType:unknown,segment,segment:head,segment:midbody,segment:tail,process:nerve_ring,process:ventral_retrovesicular_ganglion,process:ventral_cord,process:dorsal_cord,process:tail_preanal_ganglion,process:amphid_commissure_left,process:amphid_commissure_right,process:pharynx,process:labial_sensory_right,process:labial_sensory_left,process:anterior_to_nerve_ring,process:tail_tip,process:labial_sensory_dorsal_right,process:labial_sensory_dorsal_left,process:labial_sensory_ventral_right,process:labial_sensory_ventral_left,process:deirid_commissure_right,process:dorsal_sublateral_right,process:dorsal_sublateral_left,process:deirid_commissure_left,process:ventral_sublateral_left,process:ventral_sublateral_right,process:canal_associated_tail,process:canal_associated_right,process:canal_associated_left,process:anterior_subventral_cord_right,process:anterior_subventral_cord_left,process:anterior_subdorsal_cord_right,process:anterior_subdorsal_cord_left
I1L,I1,I1,,Pharynx,none,0,0,0,0,0,0,0,0,0,0,0,0,1,0,0,0,0,Head,1,0,0,0,0,0,0,0,0,0,1,0,0,0,0,0,0,0,0,0,0,0,0,0,0,0,0,0,0,0,0,0
I1R,I1,I1,,Pharynx,none,0,0,0,0,0,0,0,0,0,0,0,0,1,0,0,0,0,Head,1,0,0,0,0,0,0,0,0,0,1,0,0,0,0,0,0,0,0,0,0,0,0,0,0,0,0,0,0,0,0,0
I2L,I2,I2,,Pharynx,none,0,0,0,0,0,0,0,0,0,0,0,0,1,0,0,0,0,Head,1,0,0,0,0,0,0,0,0,0,1,0,0,0,0,0,0,0,0,0,0,0,0,0,0,0,0,0,0,0,0,0
I2R,I2,I2,,Pharynx,none,0,0,0,0,0,0,0,0,0,0,0,0,1,0,0,0,0,Head,1,0,0,0,0,0,0,0,0,0,1,0,0,0,0,0,0,0,0,0,0,0,0,0,0,0,0,0,0,0,0,0
I3,I3,I3,,Pharynx,none,0,0,0,0,0,0,0,0,0,0,0,0,1,0,0,0,0,Head,1,0,0,0,0,0,0,0,0,0,1,0,0,0,0,0,0,0,0,0,0,0,0,0,0,0,0,0,0,0,0,0
I4,I4,I4,,Pharynx,none,0,0,0,0,0,0,0,0,0,0,0,0,1,0,0,0,0,Head,1,0,0,0,0,0,0,0,0,0,1,0,0,0,0,0,0,0,0,0,0,0,0,0,0,0,0,0,0,0,0,0
I5,I5,I5,,Pharynx,none,0,0,0,0,0,0,0,0,0,0,0,0,1,0,0,0,0,Head,1,0,0,0,0,0,0,0,0,0,1,0,0,0,0,0,0,0,0,0,0,0,0,0,0,0,0,0,0,0,0,0
I6,I6,I6,,Pharynx,none,0,0,0,0,0,0,0,0,0,0,0,0,1,0,0,0,0,Head,1,0,0,0,0,0,0,0,0,0,1,0,0,0,0,0,0,0,0,0,0,0,0,0,0,0,0,0,0,0,0,0
M1,M1,M1,,Pharynx,none,0,0,0,0,0,0,0,0,0,0,0,0,1,0,0,0,0,Head,1,0,0,0,0,0,0,0,0,0,1,0,0,0,0,0,0,0,0,0,0,0,0,0,0,0,0,0,0,0,0,0
M2L,M2,M2,,Pharynx,none,0,0,0,0,0,0,0,0,0,0,0,0,1,0,0,0,0,Head,1,0,0,0,0,0,0,0,0,0,1,0,0,0,0,0,0,0,0,0,0,0,0,0,0,0,0,0,0,0,0,0
M2R,M2,M2,,Pharynx,none,0,0,0,0,0,0,0,0,0,0,0,0,1,0,0,0,0,Head,1,0,0,0,0,0,0,0,0,0,1,0,0,0,0,0,0,0,0,0,0,0,0,0,0,0,0,0,0,0,0,0
M3L,M3,M3,,Pharynx,none,0,0,0,0,0,0,0,0,0,0,0,0,1,0,0,0,0,Head,1,0,0,0,0,0,0,0,0,0,1,0,0,0,0,0,0,0,0,0,0,0,0,0,0,0,0,0,0,0,0,0
M3R,M3,M3,,Pharynx,none,0,0,0,0,0,0,0,0,0,0,0,0,1,0,0,0,0,Head,1,0,0,0,0,0,0,0,0,0,1,0,0,0,0,0,0,0,0,0,0,0,0,0,0,0,0,0,0,0,0,0
M4,M4,M4,,Pharynx,none,0,0,0,0,0,0,0,0,0,0,0,0,1,0,0,0,0,Head,1,0,0,0,0,0,0,0,0,0,1,0,0,0,0,0,0,0,0,0,0,0,0,0,0,0,0,0,0,0,0,0
M5,M5,M5,,Pharynx,none,0,0,0,0,0,0,0,0,0,0,0,0,1,0,0,0,0,Head,1,0,0,0,0,0,0,0,0,0,1,0,0,0,0,0,0,0,0,0,0,0,0,0,0,0,0,0,0,0,0,0
MCL,MC,MC,,Pharynx,none,0,0,0,0,0,0,0,0,0,0,0,0,1,0,0,0,0,Head,1,0,0,0,0,0,0,0,0,0,1,0,0,0,0,0,0,0,0,0,0,0,0,0,0,0,0,0,0,0,0,0
MCR,MC,MC,,Pharynx,none,0,0,0,0,0,0,0,0,0,0,0,0,1,0,0,0,0,Head,1,0,0,0,0,0,0,0,0,0,1,0,0,0,0,0,0,0,0,0,0,0,0,0,0,0,0,0,0,0,0,0
MI,MI,MI,,Pharynx,none,0,0,0,0,0,0,0,0,0,0,0,0,1,0,0,0,0,Head,1,0,0,0,0,0,0,0,0,0,1,0,0,0,0,0,0,0,0,0,0,0,0,0,0,0,0,0,0,0,0,0
NSML,NSM,NSM,,Pharynx,none,0,0,0,0,0,0,0,0,0,0,0,0,1,0,0,0,0,Head,1,0,0,0,0,0,0,0,0,0,1,0,0,0,0,0,0,0,0,0,0,0,0,0,0,0,0,0,0,0,0,0
NSMR,NSM,NSM,,Pharynx,none,0,0,0,0,0,0,0,0,0,0,0,0,1,0,0,0,0,Head,1,0,0,0,0,0,0,0,0,0,1,0,0,0,0,0,0,0,0,0,0,0,0,0,0,0,0,0,0,0,0,0
ADFL,ADF,ADF,,sensory neuron,chemosensory,1,0,0,0,0,0,0,0,0,0,0,0,0,1,0,0,0,Head,1,0,0,1,1,0,0,0,1,0,0,0,1,0,0,0,0,0,0,0,0,0,0,0,0,0,0,0,0,0,0,0
ADFR,ADF,ADF,,sensory neuron,chemosensory,1,0,0,0,0,0,0,0,0,0,0,0,0,1,0,0,0,Head,1,0,0,1,1,0,0,0,0,1,0,1,0,0,0,0,0,0,0,0,0,0,0,0,0,0,0,0,0,0,0,0
ADLL,ADL,ADL,,sensory neuron,chemosensory oxygen sensory,1,0,0,0,1,0,0,0,0,0,0,0,0,1,0,0,0,Head,1,0,0,1,0,0,0,0,0,0,0,0,1,0,0,0,0,0,0,0,0,0,0,0,0,0,0,0,0,0,0,0
ADLR,ADL,ADL,,sensory neuron,chemosensory oxygen sensory,1,0,0,0,1,0,0,0,0,0,0,0,0,1,0,0,0,Head,1,0,0,1,0,0,0,0,0,0,0,1,0,0,0,0,0,0,0,0,0,0,0,0,0,0,0,0,0,0,0,0
ASEL,ASE,ASEL,,sensory neuron,chemosensory carbondioxide sensory,1,0,0,0,0,1,0,0,0,0,0,0,0,1,0,0,0,Head,1,0,0,1,1,0,0,0,1,0,0,0,1,0,0,0,0,0,0,0,0,0,0,0,0,0,0,0,0,0,0,0
ASER,ASE,ASER,,sensory neuron,chemosensory carbondioxide sensory,1,0,0,0,0,1,0,0,0,0,0,0,0,1,0,0,0,Head,1,0,0,1,1,0,0,0,0,1,0,1,0,0,0,0,0,0,0,0,0,0,0,0,0,0,0,0,0,0,0,0
ASGL,ASG,ASG,,sensory neuron,chemosensory,1,0,0,0,0,0,0,0,0,0,0,0,0,1,0,0,0,Head,1,0,0,1,1,0,0,0,1,0,0,0,1,0,0,0,0,0,0,0,0,0,0,0,0,0,0,0,0,0,0,0
ASGR,ASG,ASG,,sensory neuron,chemosensory,1,0,0,0,0,0,0,0,0,0,0,0,0,1,0,0,0,Head,1,0,0,1,1,0,0,0,0,1,0,1,0,0,0,0,0,0,0,0,0,0,0,0,0,0,0,0,0,0,0,0
ASHL,ASH,ASH,,sensory neuron,chemosensory odorsensory nocioceptor osmoceptor thermosensory mechanosensory electrosensory photosensory,1,1,0,1,0,0,1,1,1,1,0,1,0,1,0,0,0,Head,1,0,0,1,1,0,0,0,1,0,0,0,1,0,0,0,0,0,0,0,0,0,0,0,0,0,0,0,0,0,0,0
ASHR,ASH,ASH,,sensory neuron,chemosensory odorsensory nocioceptor osmoceptor thermosensory mechanosensory electrosensory photosensory,1,1,0,1,0,0,1,1,1,1,0,1,0,1,0,0,0,Head,1,0,0,1,1,0,0,0,0,1,0,1,0,0,0,0,0,0,0,0,0,0,0,0,0,0,0,0,0,0,0,0
ASIL,ASI,ASI,,sensory neuron,chemosensory,1,0,0,0,0,0,0,0,0,0,0,0,0,1,0,0,0,Head,1,0,0,1,1,0,0,0,1,0,0,0,1,0,0,0,0,0,0,0,0,0,0,0,0,0,0,0,0,0,0,0
ASIR,ASI,ASI,,sensory neuron,chemosensory,1,0,0,0,0,0,0,0,0,0,0,0,0,1,0,0,0,Head,1,0,0,1,1,0,0,0,0,1,0,1,0,0,0,0,0,0,0,0,0,0,0,0,0,0,0,0,0,0,0,0
ASJL,ASJ,ASJ,,sensory neuron,chemosensory electrosensory photosensory,1,0,0,0,0,0,1,0,1,0,0,0,0,1,0,0,0,Head,1,0,0,1,1,0,0,0,1,0,0,0,1,0,0,0,0,0,0,0,0,0,0,0,0,0,0,0,0,0,0,0
ASJR,ASJ,ASJ,,sensory neuron,chemosensory electrosensory photosensory,1,0,0,0,0,0,1,0,1,0,0,0,0,1,0,0,0,Head,1,0,0,1,1,0,0,0,0,1,0,1,0,0,0,0,0,0,0,0,0,0,0,0,0,0,0,0,0,0,0,0
ASKL,ASK,ASK,,sensory neuron,chemosensory electrosensory pheromonesensory photosensory,1,0,1,0,0,0,1,0,1,0,0,0,0,1,0,0,0,Head,1,0,0,1,1,0,0,0,1,0,0,0,1,0,0,0,0,0,0,0,0,0,0,0,0,0,0,0,0,0,0,0
ASKR,ASK,ASK,,sensory neuron,chemosensory electrosensory pheromonesensory photosensory,1,0,1,0,0,0,1,0,1,0,0,0,0,1,0,0,0,Head,1,0,0,1,1,0,0,0,0,1,0,1,0,0,0,0,0,0,0,0,0,0,0,0,0,0,0,0,0,0,0,0
AWAL,AWA,AWA,,sensory neuron,chemosensory odorsensory,1,1,0,0,0,0,0,0,0,0,0,0,0,1,0,0,0,Head,1,0,0,1,1,0,0,0,1,0,0,0,1,0,0,0,0,0,0,0,0,0,0,0,0,0,0,0,0,0,0,0
AWAR,AWA,AWA,,sensory neuron,chemosensory odorsensory,1,1,0,0,0,0,0,0,0,0,0,0,0,1,0,0,0,Head,1,0,0,1,1,0,0,0,0,1,0,1,0,0,0,0,0,0,0,0,0,0,0,0,0,0,0,0,0,0,0,0
AWBL,AWB,AWB,,sensory neuron,chemosensory odorsensory electrosensory photosensory,1,1,0,0,0,0,1,0,1,0,0,0,0,1,0,0,0,Head,1,0,0,1,1,0,0,0,1,0,0,0,1,0,0,0,0,0,0,0,0,0,0,0,0,0,0,0,0,0,0,0
AWBR,AWB,AWB,,sensory neuron,chemosensory odorsensory electrosensory photosensory,1,1,0,0,0,0,1,0,1,0,0,0,0,1,0,0,0,Head,1,0,0,1,1,0,0,0,0,1,0,1,0,0,0,0,0,0,0,0,0,0,0,0,0,0,0,0,0,0,0,0
AWCL,AWC,AWC,AWCOFF,sensory neuron,chemosensory odorsensory thermosensory electrosensory,1,1,0,0,0,0,0,1,1,0,0,0,0,1,0,0,0,Head,1,0,0,1,1,0,0,0,1,0,0,0,1,0,0,0,0,0,0,0,0,0,0,0,0,0,0,0,0,0,0,0
AWCR,AWC,AWC,AWCON,sensory neuron,chemosensory odorsensory thermosensory electrosensory,1,1,0,0,0,0,0,1,1,0,0,0,0,1,0,0,0,Head,1,0,0,1,1,0,0,0,0,1,0,1,0,0,0,0,0,0,0,0,0,0,0,0,0,0,0,0,0,0,0,0
AFDL,AFD,AFD,,sensory neuron,thermosensory carbondioxide sensory nocioceptor,0,0,0,0,0,1,0,1,0,0,0,1,0,1,0,0,0,Head,1,0,0,1,1,0,0,0,1,0,0,0,1,0,0,0,0,0,0,0,0,0,0,0,0,0,0,0,0,0,0,0
AFDR,AFD,AFD,,sensory neuron,thermosensory carbondioxide sensory nocioceptor,0,0,0,0,0,1,0,1,0,0,0,1,0,1,0,0,0,Head,1,0,0,1,1,0,0,0,0,1,0,1,0,0,0,0,0,0,0,0,0,0,0,0,0,0,0,0,0,0,0,0
IL2DL,IL2,IL2D,,sensory neuron,chemosensory mechanosensory,1,0,0,0,0,0,0,0,0,1,0,0,0,1,0,0,0,Head,1,0,0,1,0,0,0,0,0,0,0,0,0,0,0,0,1,0,0,0,0,0,0,0,0,0,0,0,0,0,0,0
IL2DR,IL2,IL2D,,sensory neuron,chemosensory mechanosensory,1,0,0,0,0,0,0,0,0,1,0,0,0,1,0,0,0,Head,1,0,0,1,0,0,0,0,0,0,0,0,0,0,0,1,0,0,0,0,0,0,0,0,0,0,0,0,0,0,0,0
IL2L,IL2,IL2L,,sensory neuron,chemosensory mechanosensory,1,0,0,0,0,0,0,0,0,1,0,0,0,1,0,0,0,Head,1,0,0,1,0,0,0,0,0,0,0,0,1,0,0,0,0,0,0,0,0,0,0,0,0,0,0,0,0,0,0,0
IL2R,IL2,IL2R,,sensory neuron,chemosensory mechanosensory,1,0,0,0,0,0,0,0,0,1,0,0,0,1,0,0,0,Head,1,0,0,1,0,0,0,0,0,0,0,1,0,0,0,0,0,0,0,0,0,0,0,0,0,0,0,0,0,0,0,0
IL2VL,IL2,IL2V,,sensory neuron,chemosensory mechanosensory,1,0,0,0,0,0,0,0,0,1,0,0,0,1,0,0,0,Head,1,0,0,1,0,0,0,0,0,0,0,0,0,0,0,0,0,0,1,0,0,0,0,0,0,0,0,0,0,0,0,0
IL2VR,IL2,IL2V,,sensory neuron,chemosensory mechanosensory,1,0,0,0,0,0,0,0,0,1,0,0,0,1,0,0,0,Head,1,0,0,1,0,0,0,0,0,0,0,0,0,0,0,0,0,1,0,0,0,0,0,0,0,0,0,0,0,0,0,0
OLQDL,OLQ,OLQD,,sensory neuron,mechanosensory,0,0,0,0,0,0,0,0,0,1,0,0,0,1,0,0,0,Head,1,0,0,1,0,0,0,0,0,0,0,0,0,0,0,0,1,0,0,0,0,0,0,0,0,0,0,0,0,0,0,0
OLQDR,OLQ,OLQD,,sensory neuron,mechanosensory,0,0,0,0,0,0,0,0,0,1,0,0,0,1,0,0,0,Head,1,0,0,1,0,0,0,0,0,0,0,0,0,0,0,1,0,0,0,0,0,0,0,0,0,0,0,0,0,0,0,0
OLQVL,OLQ,OLQV,,sensory neuron,mechanosensory,0,0,0,0,0,0,0,0,0,1,0,0,0,1,0,0,0,Head,1,0,0,1,0,0,0,0,0,0,0,0,0,0,0,0,0,0,1,0,0,0,0,0,0,0,0,0,0,0,0,0
OLQVR,OLQ,OLQV,,sensory neuron,mechanosensory,0,0,0,0,0,0,0,0,0,1,0,0,0,1,0,0,0,Head,1,0,0,1,0,0,0,0,0,0,0,0,0,0,0,0,0,1,0,0,0,0,0,0,0,0,0,0,0,0,0,0
OLLL,OLL,OLL,,sensory neuron,mechanosensory,0,0,0,0,0,0,0,0,0,1,0,0,0,1,0,0,0,Head,1,0,0,1,0,0,0,0,0,0,0,0,1,0,0,0,0,0,0,0,0,0,0,0,0,0,0,0,0,0,0,0
OLLR,OLL,OLL,,sensory neuron,mechanosensory,0,0,0,0,0,0,0,0,0,1,0,0,0,1,0,0,0,Head,1,0,0,1,0,0,0,0,0,0,0,1,0,0,0,0,0,0,0,0,0,0,0,0,0,0,0,0,0,0,0,0
CEPDL,CEP,CEPD,,sensory neuron,mechanosensory,0,0,0,0,0,0,0,0,0,1,0,0,0,1,0,0,0,Head,1,0,0,1,0,0,0,0,0,0,0,0,0,0,0,0,1,0,0,0,0,0,0,0,0,0,0,0,0,0,0,0
CEPDR,CEP,CEPD,,sensory neuron,mechanosensory,0,0,0,0,0,0,0,0,0,1,0,0,0,1,0,0,0,Head,1,0,0,1,0,0,0,0,0,0,0,0,0,0,0,1,0,0,0,0,0,0,0,0,0,0,0,0,0,0,0,0
CEPVL,CEP,CEPV,,sensory neuron,mechanosensory,0,0,0,0,0,0,0,0,0,1,0,0,0,1,0,0,0,Head,1,0,0,1,0,0,0,0,0,0,0,0,0,0,0,0,0,0,1,0,0,0,0,0,0,0,0,0,0,0,0,0
CEPVR,CEP,CEPV,,sensory neuron,mechanosensory,0,0,0,0,0,0,0,0,0,1,0,0,0,1,0,0,0,Head,1,0,0,1,0,0,0,0,0,0,0,0,0,0,0,0,0,1,0,0,0,0,0,0,0,0,0,0,0,0,0,0
ALML,ALM,,,sensory neuron,mechanosensory,0,0,0,0,0,0,0,0,0,1,0,0,0,1,0,0,0,Head,1,0,0,1,0,0,0,0,0,0,0,0,0,0,0,0,0,0,0,0,0,0,0,0,0,0,0,0,0,0,0,0
ALMR,ALM,,,sensory neuron,mechanosensory,0,0,0,0,0,0,0,0,0,1,0,0,0,1,0,0,0,Head,1,0,0,1,0,0,0,0,0,0,0,0,0,0,0,0,0,0,0,0,0,0,0,0,0,0,0,0,0,0,0,0
AVM,AVM,,,sensory neuron,mechanosensory,0,0,0,0,0,0,0,0,0,1,0,0,0,1,0,0,0,"Head, Midbody      ",1,1,0,1,1,1,0,0,0,0,0,0,0,0,0,0,0,0,0,0,0,0,0,0,0,0,0,0,0,0,0,0
PVM,PVM,,,sensory neuron,mechanosensory,0,0,0,0,0,0,0,0,0,1,0,0,0,1,0,0,0,Midbody,0,1,0,0,0,1,0,0,0,0,0,0,0,0,0,0,0,0,0,0,0,0,0,0,0,0,0,0,0,0,0,0
PLML,PLM,,,sensory neuron,mechanosensory,0,0,0,0,0,0,0,0,0,1,0,0,0,1,0,0,0,"Midbody, Tail      ",0,1,1,0,0,1,0,0,0,0,0,0,0,0,1,0,0,0,0,0,0,0,0,0,0,0,0,0,0,0,0,0
PLMR,PLM,,,sensory neuron,mechanosensory,0,0,0,0,0,0,0,0,0,1,0,0,0,1,0,0,0,"Midbody, Tail      ",0,1,1,0,0,1,0,0,0,0,0,0,0,0,1,0,0,0,0,0,0,0,0,0,0,0,0,0,0,0,0,0
ALNL,ALN,,,sensory neuron,oxygen sensory,0,0,0,0,1,0,0,0,0,0,0,0,0,1,0,0,0,"Head, Tail         ",1,0,1,1,0,0,0,0,0,0,0,0,0,0,1,0,0,0,0,0,0,0,0,0,0,0,0,0,0,0,0,0
ALNR,ALN,,,sensory neuron,oxygen sensory,0,0,0,0,1,0,0,0,0,0,0,0,0,1,0,0,0,"Head, Tail         ",1,0,1,1,0,0,0,0,0,0,0,0,0,0,1,0,0,0,0,0,0,0,0,0,0,0,0,0,0,0,0,0
PLNL,PLN,,,sensory neuron,oxygen sensory,0,0,0,0,1,0,0,0,0,0,0,0,0,1,0,0,0,"Head, Midbody, Tail",1,1,1,1,1,1,0,0,1,0,0,0,0,0,1,0,0,0,0,0,0,0,0,1,0,0,0,0,0,0,0,0
PLNR,PLN,,,sensory neuron,oxygen sensory,0,0,0,0,1,0,0,0,0,0,0,0,0,1,0,0,0,"Head, Midbody, Tail",1,1,1,1,1,1,0,0,0,1,0,0,0,0,1,0,0,0,0,0,0,0,0,0,1,0,0,0,0,0,0,0
FLPL,FLP,FLP,,sensory neuron,thermosensory mechanosensory nocioceptor,0,0,0,0,0,0,0,1,0,1,0,1,0,1,0,0,0,Head,1,0,0,1,1,0,0,0,0,0,0,0,1,0,0,0,0,0,0,0,0,0,1,0,0,0,0,0,0,0,0,0
FLPR,FLP,FLP,,sensory neuron,thermosensory mechanosensory nocioceptor,0,0,0,0,0,0,0,1,0,1,0,1,0,1,0,0,0,Head,1,0,0,1,1,0,0,0,0,0,0,1,0,0,0,0,0,0,0,1,0,0,0,0,0,0,0,0,0,0,0,0
PVDL,PVD,,,sensory neuron,thermosensory mechanosensory nocioceptor,0,0,0,0,0,0,0,1,0,1,0,1,0,1,0,0,0,"Midbody, Tail      ",0,1,1,0,0,1,0,0,0,0,0,0,0,0,0,0,0,0,0,0,0,0,0,0,0,1,0,1,0,0,0,0
PVDR,PVD,,,sensory neuron,thermosensory mechanosensory nocioceptor,0,0,0,0,0,0,0,1,0,1,0,1,0,1,0,0,0,"Midbody, Tail      ",0,1,1,0,0,1,0,0,0,0,0,0,0,0,0,0,0,0,0,0,0,0,0,0,0,1,1,0,0,0,0,0
BAGL,BAG,BAG,,sensory neuron,oxygen sensory  carbondioxide sensory,0,0,0,0,1,1,0,0,0,0,0,0,0,1,0,0,0,Head,1,0,0,1,0,0,0,0,0,0,0,0,1,0,0,0,0,0,0,0,0,0,0,0,0,0,0,0,0,0,0,0
BAGR,BAG,BAG,,sensory neuron,oxygen sensory  carbondioxide sensory,0,0,0,0,1,1,0,0,0,0,0,0,0,1,0,0,0,Head,1,0,0,1,0,0,0,0,0,0,0,1,0,0,0,0,0,0,0,0,0,0,0,0,0,0,0,0,0,0,0,0
URXL,URX,URX,,sensory neuron,oxygen sensory  carbondioxide sensory,0,0,0,0,1,1,0,0,0,0,0,0,0,1,0,0,0,Head,1,0,0,1,0,0,0,0,0,0,0,0,0,0,0,0,1,0,0,0,0,0,0,0,0,0,0,0,0,0,0,0
URXR,URX,URX,,sensory neuron,oxygen sensory  carbondioxide sensory,0,0,0,0,1,1,0,0,0,0,0,0,0,1,0,0,0,Head,1,0,0,1,0,0,0,0,0,0,0,0,0,0,0,1,0,0,0,0,0,0,0,0,0,0,0,0,0,0,0,0
URYDL,URY,URYD,,sensory neuron,none,0,0,0,0,0,0,0,0,0,0,0,0,0,1,0,0,0,Head,1,0,0,1,0,0,0,0,0,0,0,0,0,0,0,0,1,0,0,0,0,0,0,0,0,0,0,0,0,0,0,0
URYDR,URY,URYD,,sensory neuron,none,0,0,0,0,0,0,0,0,0,0,0,0,0,1,0,0,0,Head,1,0,0,1,0,0,0,0,0,0,0,0,0,0,0,1,0,0,0,0,0,0,0,0,0,0,0,0,0,0,0,0
URYVL,URY,URYV,,sensory neuron,none,0,0,0,0,0,0,0,0,0,0,0,0,0,1,0,0,0,Head,1,0,0,1,0,0,0,0,0,0,0,0,0,0,0,0,0,0,1,0,0,0,0,0,0,0,0,0,0,0,0,0
URYVR,URY,URYV,,sensory neuron,none,0,0,0,0,0,0,0,0,0,0,0,0,0,1,0,0,0,Head,1,0,0,1,0,0,0,0,0,0,0,0,0,0,0,0,0,1,0,0,0,0,0,0,0,0,0,0,0,0,0,0
AQR,AQR,AQR,,sensory neuron,oxygen sensory  carbondioxide sensory  mechanosensory,0,0,0,0,1,1,0,0,0,1,0,0,0,1,0,0,0,Head,1,0,0,1,1,0,0,0,0,0,0,0,0,0,0,0,0,0,0,1,0,0,0,0,0,0,0,0,0,0,0,0
PQR,PQR,,,sensory neuron,oxygen sensory  carbondioxide sensory,0,0,0,0,1,1,0,0,0,0,0,0,0,1,0,0,0,"Midbody, Tail      ",0,1,1,0,0,1,0,1,0,0,0,0,0,0,0,0,0,0,0,0,0,0,0,0,0,0,0,0,0,0,0,0
ADEL,ADE,ADE,,sensory neuron,mechanosensory,0,0,0,0,0,0,0,0,0,1,0,0,0,1,0,0,0,Head,1,0,0,1,0,0,0,0,0,0,0,0,0,0,0,0,0,0,0,0,0,0,1,0,0,0,0,0,0,0,0,0
ADER,ADE,ADE,,sensory neuron,mechanosensory,0,0,0,0,0,0,0,0,0,1,0,0,0,1,0,0,0,Head,1,0,0,1,0,0,0,0,0,0,0,0,0,0,0,0,0,0,0,1,0,0,0,0,0,0,0,0,0,0,0,0
PDEL,PDE,,,sensory neuron,mechanosensory,0,0,0,0,0,0,0,0,0,1,0,0,0,1,0,0,0,Midbody,0,1,0,0,0,1,0,0,0,0,0,0,0,0,0,0,0,0,0,0,0,0,0,0,0,0,0,0,0,0,0,0
PDER,PDE,,,sensory neuron,mechanosensory,0,0,0,0,0,0,0,0,0,1,0,0,0,1,0,0,0,Midbody,0,1,0,0,0,1,0,0,0,0,0,0,0,0,0,0,0,0,0,0,0,0,0,0,0,0,0,0,0,0,0,0
PHAL,PHA,,,sensory neuron,chemosensory mechanosensory,1,0,0,0,0,0,0,0,0,1,0,0,0,1,0,0,0,Tail,0,0,1,0,0,0,0,1,0,0,0,0,0,0,0,0,0,0,0,0,0,0,0,0,0,0,0,0,0,0,0,0
PHAR,PHA,,,sensory neuron,chemosensory mechanosensory,1,0,0,0,0,0,0,0,0,1,0,0,0,1,0,0,0,Tail,0,0,1,0,0,0,0,1,0,0,0,0,0,0,0,0,0,0,0,0,0,0,0,0,0,0,0,0,0,0,0,0
PHBL,PHB,,,sensory neuron,chemosensory mechanosensory,1,0,0,0,0,0,0,0,0,1,0,0,0,1,0,0,0,Tail,0,0,1,0,0,0,0,1,0,0,0,0,0,0,0,0,0,0,0,0,0,0,0,0,0,0,0,0,0,0,0,0
PHBR,PHB,,,sensory neuron,chemosensory mechanosensory,1,0,0,0,0,0,0,0,0,1,0,0,0,1,0,0,0,Tail,0,0,1,0,0,0,0,1,0,0,0,0,0,0,0,0,0,0,0,0,0,0,0,0,0,0,0,0,0,0,0,0
PHCL,PHC,,,sensory neuron,thermosensory  nocioceptor,0,0,0,0,0,0,0,1,0,0,0,1,0,1,0,0,0,Tail,0,0,1,0,0,0,0,1,0,0,0,0,0,0,1,0,0,0,0,0,0,0,0,0,0,0,0,0,0,0,0,0
PHCR,PHC,,,sensory neuron,thermosensory  nocioceptor,0,0,0,0,0,0,0,1,0,0,0,1,0,1,0,0,0,Tail,0,0,1,0,0,0,0,1,0,0,0,0,0,0,1,0,0,0,0,0,0,0,0,0,0,0,0,0,0,0,0,0
SDQL,SDQ,,,sensory neuron,oxygen sensory mechanosensory,0,0,0,0,1,0,0,0,0,1,0,0,0,1,0,0,0,"Head, Midbody      ",1,1,0,1,0,0,0,0,0,0,0,0,0,0,0,0,0,0,0,0,0,1,0,0,0,0,0,0,0,0,0,0
SDQR,SDQ,,,sensory neuron,oxygen sensory mechanosensory,0,0,0,0,1,0,0,0,0,1,0,0,0,1,0,0,0,"Head, Midbody      ",1,1,0,1,0,0,0,0,0,0,0,0,0,0,0,0,0,0,0,0,1,0,0,0,0,0,0,0,0,0,0,0
URBL,URB,URB,,sensory neuron,none,0,0,0,0,0,0,0,0,0,0,0,0,0,1,0,0,0,Head,1,0,0,1,0,0,0,0,0,0,0,0,1,0,0,0,0,0,0,0,0,0,0,0,0,0,0,0,0,0,0,0
URBR,URB,URB,,sensory neuron,none,0,0,0,0,0,0,0,0,0,0,0,0,0,1,0,0,0,Head,1,0,0,1,0,0,0,0,0,0,0,1,0,0,0,0,0,0,0,0,0,0,0,0,0,0,0,0,0,0,0,0
DVA,DVA,,,sensory neuron,strech sensory,0,0,0,0,0,0,0,0,0,0,1,0,0,1,0,0,0,"Head, Midbody, Tail",1,1,1,1,1,1,0,1,0,0,0,0,0,0,0,0,0,0,0,0,0,0,0,0,0,0,0,0,0,0,0,0
AUAL,AUA,AUA,,interneuron,none,0,0,0,0,0,0,0,0,0,0,0,0,0,0,1,0,0,Head,1,0,0,1,1,0,0,0,1,0,0,0,1,0,0,0,0,0,0,0,0,0,0,0,0,0,0,0,0,0,0,0
AUAR,AUA,AUA,,interneuron,none,0,0,0,0,0,0,0,0,0,0,0,0,0,0,1,0,0,Head,1,0,0,1,1,0,0,0,0,1,0,1,0,0,0,0,0,0,0,0,0,0,0,0,0,0,0,0,0,0,0,0
AIAL,AIA,AIA,,interneuron,none,0,0,0,0,0,0,0,0,0,0,0,0,0,0,1,0,0,Head,1,0,0,1,1,0,0,0,0,0,0,0,0,0,0,0,0,0,0,0,0,0,0,0,0,0,0,0,0,0,0,0
AIAR,AIA,AIA,,interneuron,none,0,0,0,0,0,0,0,0,0,0,0,0,0,0,1,0,0,Head,1,0,0,1,1,0,0,0,0,0,0,0,0,0,0,0,0,0,0,0,0,0,0,0,0,0,0,0,0,0,0,0
AIBL,AIB,AIB,,interneuron,none,0,0,0,0,0,0,0,0,0,0,0,0,0,0,1,0,0,Head,1,0,0,1,1,0,0,0,1,0,0,0,0,0,0,0,0,0,0,0,0,0,0,0,0,0,0,0,0,0,0,0
AIBR,AIB,AIB,,interneuron,none,0,0,0,0,0,0,0,0,0,0,0,0,0,0,1,0,0,Head,1,0,0,1,1,0,0,0,0,1,0,0,0,0,0,0,0,0,0,0,0,0,0,0,0,0,0,0,0,0,0,0
AIYL,AIY,AIY,,interneuron,none,0,0,0,0,0,0,0,0,0,0,0,0,0,0,1,0,0,Head,1,0,0,1,1,0,0,0,0,0,0,0,0,0,0,0,0,0,0,0,0,0,0,0,0,0,0,0,0,0,0,0
AIYR,AIY,AIY,,interneuron,none,0,0,0,0,0,0,0,0,0,0,0,0,0,0,1,0,0,Head,1,0,0,1,1,0,0,0,0,0,0,0,0,0,0,0,0,0,0,0,0,0,0,0,0,0,0,0,0,0,0,0
AIZL,AIZ,AIZ,,interneuron,none,0,0,0,0,0,0,0,0,0,0,0,0,0,0,1,0,0,Head,1,0,0,1,1,0,0,0,1,0,0,0,0,0,0,0,0,0,0,0,0,0,0,0,0,0,0,0,0,0,0,0
AIZR,AIZ,AIZ,,interneuron,none,0,0,0,0,0,0,0,0,0,0,0,0,0,0,1,0,0,Head,1,0,0,1,1,0,0,0,0,1,0,0,0,0,0,0,0,0,0,0,0,0,0,0,0,0,0,0,0,0,0,0
ADAL,ADA,ADA,,interneuron,none,0,0,0,0,0,0,0,0,0,0,0,0,0,0,1,0,0,Head,1,0,0,1,0,0,0,0,0,0,0,0,0,0,0,0,0,0,0,0,0,0,1,0,0,0,0,0,0,0,0,0
ADAR,ADA,ADA,,interneuron,none,0,0,0,0,0,0,0,0,0,0,0,0,0,0,1,0,0,Head,1,0,0,1,0,0,0,0,0,0,0,0,0,0,0,0,0,0,0,1,0,0,0,0,0,0,0,0,0,0,0,0
AIML,AIM,AIM,,interneuron,none,0,0,0,0,0,0,0,0,0,0,0,0,0,0,1,0,0,Head,1,0,0,1,0,0,0,0,0,0,0,0,0,0,0,0,0,0,0,0,0,0,0,0,0,0,0,0,0,0,0,0
AIMR,AIM,AIM,,interneuron,none,0,0,0,0,0,0,0,0,0,0,0,0,0,0,1,0,0,Head,1,0,0,1,0,0,0,0,0,0,0,0,0,0,0,0,0,0,0,0,0,0,0,0,0,0,0,0,0,0,0,0
AINL,AIN,AIN,,interneuron,none,0,0,0,0,0,0,0,0,0,0,0,0,0,0,1,0,0,Head,1,0,0,1,1,0,0,0,0,0,0,0,0,0,0,0,0,0,0,0,0,0,0,0,0,0,0,0,0,0,0,0
AINR,AIN,AIN,,interneuron,none,0,0,0,0,0,0,0,0,0,0,0,0,0,0,1,0,0,Head,1,0,0,1,1,0,0,0,0,0,0,0,0,0,0,0,0,0,0,0,0,0,0,0,0,0,0,0,0,0,0,0
ALA,ALA,ALA,,interneuron,mechanosensory,0,0,0,0,0,0,0,0,0,1,0,0,0,0,1,0,0,"Head, Midbody, Tail",1,1,1,1,0,0,1,0,0,0,0,0,0,0,0,0,0,0,0,0,0,0,0,0,0,1,1,1,0,0,0,0
BDUL,BDU,,,interneuron,mechanosensory,0,0,0,0,0,0,0,0,0,1,0,0,0,0,1,0,0,"Head, Midbody      ",1,1,0,1,1,0,0,0,0,0,0,0,0,0,0,0,0,0,0,0,0,0,1,0,0,0,0,1,0,0,0,0
BDUR,BDU,,,interneuron,mechanosensory,0,0,0,0,0,0,0,0,0,1,0,0,0,0,1,0,0,"Head, Midbody      ",1,1,0,1,1,0,0,0,0,0,0,0,0,0,0,0,0,0,0,1,0,0,0,0,0,0,1,0,0,0,0,0
CANL,CAN,,,unknown,none,0,0,0,0,0,0,0,0,0,0,0,0,0,0,0,0,1,"Midbody, Tail      ",0,1,1,0,0,0,0,0,0,0,0,0,0,0,0,0,0,0,0,0,0,0,0,0,0,1,0,1,0,0,0,0
CANR,CAN,,,unknown,none,0,0,0,0,0,0,0,0,0,0,0,0,0,0,0,0,1,"Midbody, Tail      ",0,1,1,0,0,0,0,0,0,0,0,0,0,0,0,0,0,0,0,0,0,0,0,0,0,1,1,0,0,0,0,0
RIPL,RIP,RIP,,interneuron,none,0,0,0,0,0,0,0,0,0,0,0,0,0,0,1,0,0,Head,1,0,0,1,0,0,0,0,0,0,1,0,1,0,0,0,0,0,0,0,0,0,0,0,0,0,0,0,0,0,0,0
RIPR,RIP,RIP,,interneuron,none,0,0,0,0,0,0,0,0,0,0,0,0,0,0,1,0,0,Head,1,0,0,1,0,0,0,0,0,0,1,1,0,0,0,0,0,0,0,0,0,0,0,0,0,0,0,0,0,0,0,0
RIAL,RIA,RIA,,interneuron,none,0,0,0,0,0,0,0,0,0,0,0,0,0,0,1,0,0,Head,1,0,0,1,1,0,0,0,0,0,0,0,0,0,0,0,0,0,0,0,0,0,0,0,0,0,0,0,0,0,0,0
RIAR,RIA,RIA,,interneuron,none,0,0,0,0,0,0,0,0,0,0,0,0,0,0,1,0,0,Head,1,0,0,1,1,0,0,0,0,0,0,0,0,0,0,0,0,0,0,0,0,0,0,0,0,0,0,0,0,0,0,0
RIBL,RIB,RIB,,interneuron,none,0,0,0,0,0,0,0,0,0,0,0,0,0,0,1,0,0,Head,1,0,0,1,1,0,0,0,1,0,0,0,0,0,0,0,0,0,0,0,0,0,0,0,0,0,0,0,0,0,0,0
RIBR,RIB,RIB,,interneuron,none,0,0,0,0,0,0,0,0,0,0,0,0,0,0,1,0,0,Head,1,0,0,1,1,0,0,0,0,1,0,0,0,0,0,0,0,0,0,0,0,0,0,0,0,0,0,0,0,0,0,0
RICL,RIC,RIC,,interneuron,none,0,0,0,0,0,0,0,0,0,0,0,0,0,0,1,0,0,Head,1,0,0,1,1,0,0,0,1,0,0,0,0,0,0,0,0,0,0,0,0,0,0,0,0,0,0,0,0,0,0,0
RICR,RIC,RIC,,interneuron,none,0,0,0,0,0,0,0,0,0,0,0,0,0,0,1,0,0,Head,1,0,0,1,1,0,0,0,0,1,0,0,0,0,0,0,0,0,0,0,0,0,0,0,0,0,0,0,0,0,0,0
RIFL,RIF,RIF,,interneuron,none,0,0,0,0,0,0,0,0,0,0,0,0,0,0,1,0,0,Head,1,0,0,1,1,0,0,0,0,0,0,0,0,0,0,0,0,0,0,0,0,0,0,0,0,0,0,0,0,0,0,0
RIFR,RIF,RIF,,interneuron,none,0,0,0,0,0,0,0,0,0,0,0,0,0,0,1,0,0,Head,1,0,0,1,1,0,0,0,0,0,0,0,0,0,0,0,0,0,0,0,0,0,0,0,0,0,0,0,0,0,0,0
RIGL,RIG,RIG,,interneuron,none,0,0,0,0,0,0,0,0,0,0,0,0,0,0,1,0,0,Head,1,0,0,1,1,0,0,0,0,0,0,0,0,0,0,0,0,0,0,0,0,0,0,0,0,0,0,0,0,0,0,0
RIGR,RIG,RIG,,interneuron,none,0,0,0,0,0,0,0,0,0,0,0,0,0,0,1,0,0,Head,1,0,0,1,1,0,0,0,0,0,0,0,0,0,0,0,0,0,0,0,0,0,0,0,0,0,0,0,0,0,0,0
RIH,RIH,RIH,,interneuron,none,0,0,0,0,0,0,0,0,0,0,0,0,0,0,1,0,0,Head,1,0,0,1,0,0,0,0,0,0,0,0,0,0,0,0,0,0,0,0,0,0,0,0,0,0,0,0,0,0,0,0
RIR,RIR,RIR,,interneuron,none,0,0,0,0,0,0,0,0,0,0,0,0,0,0,1,0,0,Head,1,0,0,1,0,0,0,0,0,0,0,0,0,0,0,0,0,0,0,0,0,0,0,0,0,0,0,0,0,0,0,0
RIS,RIS,RIS,,interneuron,none,0,0,0,0,0,0,0,0,0,0,0,0,0,0,1,0,0,Head,1,0,0,1,1,0,0,0,0,0,0,0,0,0,0,0,0,0,0,0,0,0,0,0,0,0,0,0,0,0,0,0
RMGL,RMG,RMG,,interneuron,none,0,0,0,0,0,0,0,0,0,0,0,0,0,0,1,0,0,Head,1,0,0,1,1,0,0,0,0,0,0,0,0,0,0,0,0,0,0,0,0,0,1,0,0,0,0,0,0,0,0,0
RMGR,RMG,RMG,,interneuron,none,0,0,0,0,0,0,0,0,0,0,0,0,0,0,1,0,0,Head,1,0,0,1,1,0,0,0,0,0,0,0,0,0,0,0,0,0,0,1,0,0,0,0,0,0,0,0,0,0,0,0
AVFL,AVF,,,interneuron,none,0,0,0,0,0,0,0,0,0,0,0,0,0,0,1,0,0,"Head, Midbody, Tail",1,1,1,1,1,1,0,1,0,0,0,0,0,0,0,0,0,0,0,0,0,0,0,0,0,0,0,0,0,0,0,0
AVFR,AVF,,,interneuron,none,0,0,0,0,0,0,0,0,0,0,0,0,0,0,1,0,0,"Head, Midbody, Tail",1,1,1,1,1,1,0,1,0,0,0,0,0,0,0,0,0,0,0,0,0,0,0,0,0,0,0,0,0,0,0,0
AVG,AVG,AVG,,interneuron,none,0,0,0,0,0,0,0,0,0,0,0,0,0,0,1,0,0,"Head, Midbody, Tail",1,1,1,0,1,1,0,1,0,0,0,0,0,0,0,0,0,0,0,0,0,0,0,0,0,0,0,0,0,0,0,0
AVHL,AVH,AVH,,interneuron,none,0,0,0,0,0,0,0,0,0,0,0,0,0,0,1,0,0,"Head, Midbody, Tail",1,1,1,1,1,1,0,1,0,0,0,0,0,0,0,0,0,0,0,0,0,0,0,0,0,0,0,0,0,0,0,0
AVHR,AVH,AVH,,interneuron,none,0,0,0,0,0,0,0,0,0,0,0,0,0,0,1,0,0,"Head, Midbody, Tail",1,1,1,1,1,1,0,1,0,0,0,0,0,0,0,0,0,0,0,0,0,0,0,0,0,0,0,0,0,0,0,0
AVJL,AVJ,AVJ,,interneuron,none,0,0,0,0,0,0,0,0,0,0,0,0,0,0,1,0,0,"Head, Midbody, Tail",1,1,1,1,1,1,0,1,0,0,0,0,0,0,0,0,0,0,0,0,0,0,0,0,0,0,0,0,0,0,0,0
AVJR,AVJ,AVJ,,interneuron,none,0,0,0,0,0,0,0,0,0,0,0,0,0,0,1,0,0,"Head, Midbody, Tail",1,1,1,1,1,1,0,1,0,0,0,0,0,0,0,0,0,0,0,0,0,0,0,0,0,0,0,0,0,0,0,0
AVKL,AVK,AVK,,interneuron,none,0,0,0,0,0,0,0,0,0,0,0,0,0,0,1,0,0,"Head, Midbody, Tail",1,1,1,1,1,1,0,1,0,0,0,0,0,0,0,0,0,0,0,0,0,0,0,0,0,0,0,0,0,0,0,0
AVKR,AVK,AVK,,interneuron,none,0,0,0,0,0,0,0,0,0,0,0,0,0,0,1,0,0,"Head, Midbody, Tail",1,1,1,1,1,1,0,1,0,0,0,0,0,0,0,0,0,0,0,0,0,0,0,0,0,0,0,0,0,0,0,0
AVL,AVL,AVL,,interneuron,none,0,0,0,0,0,0,0,0,0,0,0,0,0,0,1,0,0,"Head, Midbody      ",1,1,0,1,1,1,0,0,0,0,0,0,0,0,0,0,0,0,0,0,0,0,0,0,0,0,0,0,0,0,0,0
DVB,DVB,,,interneuron,none,0,0,0,0,0,0,0,0,0,0,0,0,0,0,1,0,0,"Midbody, Tail      ",0,1,1,0,0,1,0,1,0,0,0,0,0,0,0,0,0,0,0,0,0,0,0,0,0,0,0,0,0,0,0,0
DVC,DVC,,,interneuron,none,0,0,0,0,0,0,0,0,0,0,0,0,0,0,1,0,0,"Head, Midbody, Tail",1,1,1,1,1,1,0,1,0,0,0,0,0,0,0,0,0,0,0,0,0,0,0,0,0,0,0,0,0,0,0,0
PVNL,PVN,,,interneuron,none,0,0,0,0,0,0,0,0,0,0,0,0,0,0,1,0,0,"Head, Midbody, Tail",1,1,1,1,1,1,0,1,0,0,0,0,0,0,0,0,0,0,0,0,0,0,0,0,0,0,0,0,0,0,0,0
PVNR,PVN,,,interneuron,none,0,0,0,0,0,0,0,0,0,0,0,0,0,0,1,0,0,"Head, Midbody, Tail",1,1,1,1,1,1,0,1,0,0,0,0,0,0,0,0,0,0,0,0,0,0,0,0,0,0,0,0,0,0,0,0
PVPL,PVP,,,interneuron,none,0,0,0,0,0,0,0,0,0,0,0,0,0,0,1,0,0,"Head, Midbody, Tail",1,1,1,1,1,1,0,1,0,0,0,0,0,0,0,0,0,0,0,0,0,0,0,0,0,0,0,0,0,0,0,0
PVPR,PVP,,,interneuron,none,0,0,0,0,0,0,0,0,0,0,0,0,0,0,1,0,0,"Head, Midbody, Tail",1,1,1,1,1,1,0,1,0,0,0,0,0,0,0,0,0,0,0,0,0,0,0,0,0,0,0,0,0,0,0,0
PVQL,PVQ,,,interneuron,none,0,0,0,0,0,0,0,0,0,0,0,0,0,0,1,0,0,"Head, Midbody, Tail",1,1,1,1,1,1,0,1,0,0,0,0,0,0,0,0,0,0,0,0,0,0,0,0,0,0,0,0,0,0,0,0
PVQR,PVQ,,,interneuron,none,0,0,0,0,0,0,0,0,0,0,0,0,0,0,1,0,0,"Head, Midbody, Tail",1,1,1,1,1,1,0,1,0,0,0,0,0,0,0,0,0,0,0,0,0,0,0,0,0,0,0,0,0,0,0,0
PVR,PVR,,,interneuron,none,0,0,0,0,0,0,0,0,0,0,0,0,0,0,1,0,0,"Head, Midbody, Tail",1,1,1,1,1,1,0,1,0,0,0,0,0,0,1,1,1,1,1,0,0,0,0,0,0,0,0,0,0,0,0,0
PVT,PVT,,,interneuron,none,0,0,0,0,0,0,0,0,0,0,0,0,0,0,1,0,0,"Head, Midbody, Tail",1,1,1,1,1,1,0,1,0,0,0,0,0,0,0,0,0,0,0,0,0,0,0,0,0,0,0,0,0,0,0,0
PVWL,PVW,,,interneuron,none,0,0,0,0,0,0,0,0,0,0,0,0,0,0,1,0,0,"Midbody, Tail      ",0,1,1,0,0,1,0,1,0,0,0,0,0,0,0,0,0,0,0,0,0,0,0,0,0,0,0,0,0,0,0,0
PVWR,PVW,,,interneuron,none,0,0,0,0,0,0,0,0,0,0,0,0,0,0,1,0,0,"Midbody, Tail      ",0,1,1,0,0,1,0,1,0,0,0,0,0,0,0,0,0,0,0,0,0,0,0,0,0,0,0,0,0,0,0,0
RID,RID,RID,,interneuron,none,0,0,0,0,0,0,0,0,0,0,0,0,0,0,1,0,0,"Head, Midbody      ",1,1,0,1,1,0,1,0,1,0,0,0,0,0,0,0,0,0,0,0,0,0,0,0,0,0,0,0,0,0,0,0
PVCL,PVC,,,interneuron,none,0,0,0,0,0,0,0,0,0,0,0,0,0,0,1,0,0,"Head, Midbody, Tail",1,1,1,1,1,1,0,1,0,0,0,0,0,0,0,0,0,0,0,0,0,0,0,0,0,0,0,0,0,0,0,0
PVCR,PVC,,,interneuron,none,0,0,0,0,0,0,0,0,0,0,0,0,0,0,1,0,0,"Head, Midbody, Tail",1,1,1,1,1,1,0,1,0,0,0,0,0,0,0,0,0,0,0,0,0,0,0,0,0,0,0,0,0,0,0,0
AVAL,AVA,AVA,,interneuron,none,0,0,0,0,0,0,0,0,0,0,0,0,0,0,1,0,0,"Head, Midbody      ",1,1,0,1,1,1,0,0,0,0,0,0,0,0,0,0,0,0,0,0,0,0,0,0,0,0,0,0,0,0,0,0
AVAR,AVA,AVA,,interneuron,none,0,0,0,0,0,0,0,0,0,0,0,0,0,0,1,0,0,"Head, Midbody      ",1,1,0,1,1,1,0,0,0,0,0,0,0,0,0,0,0,0,0,0,0,0,0,0,0,0,0,0,0,0,0,0
AVBL,AVB,AVB,,interneuron,none,0,0,0,0,0,0,0,0,0,0,0,0,0,0,1,0,0,"Head, Midbody      ",1,1,0,1,1,1,0,0,1,0,0,0,0,0,0,0,0,0,0,0,0,0,0,0,0,0,0,0,0,0,0,0
AVBR,AVB,AVB,,interneuron,none,0,0,0,0,0,0,0,0,0,0,0,0,0,0,1,0,0,"Head, Midbody      ",1,1,0,1,1,1,0,0,0,1,0,0,0,0,0,0,0,0,0,0,0,0,0,0,0,0,0,0,0,0,0,0
AVDL,AVD,AVD,,interneuron,none,0,0,0,0,0,0,0,0,0,0,0,0,0,0,1,0,0,"Head, Midbody      ",1,1,0,1,1,1,0,0,0,0,0,0,0,0,0,0,0,0,0,0,0,0,0,0,0,0,0,0,0,0,0,0
AVDR,AVD,AVD,,interneuron,none,0,0,0,0,0,0,0,0,0,0,0,0,0,0,1,0,0,"Head, Midbody      ",1,1,0,1,1,1,0,0,0,0,0,0,0,0,0,0,0,0,0,0,0,0,0,0,0,0,0,0,0,0,0,0
AVEL,AVE,AVE,,interneuron,none,0,0,0,0,0,0,0,0,0,0,0,0,0,0,1,0,0,"Head, Midbody      ",1,1,0,1,1,1,0,0,0,0,0,0,0,0,0,0,0,0,0,0,0,0,0,0,0,0,0,0,0,0,0,0
AVER,AVE,AVE,,interneuron,none,0,0,0,0,0,0,0,0,0,0,0,0,0,0,1,0,0,"Head, Midbody      ",1,1,0,1,1,1,0,0,0,0,0,0,0,0,0,0,0,0,0,0,0,0,0,0,0,0,0,0,0,0,0,0
LUAL,LUA,,,interneuron,none,0,0,0,0,0,0,0,0,0,0,0,0,0,0,1,0,0,Tail,0,0,1,0,0,0,0,1,0,0,0,0,0,0,0,0,0,0,0,0,0,0,0,0,0,0,0,0,0,0,0,0
LUAR,LUA,,,interneuron,none,0,0,0,0,0,0,0,0,0,0,0,0,0,0,1,0,0,Tail,0,0,1,0,0,0,0,1,0,0,0,0,0,0,0,0,0,0,0,0,0,0,0,0,0,0,0,0,0,0,0,0
SAADL,SAA,SAAD,,interneuron,none,0,0,0,0,0,0,0,0,0,0,0,0,0,0,1,0,0,Head,1,0,0,1,0,0,0,0,0,0,0,0,0,0,0,0,0,0,0,0,0,0,0,0,0,0,0,0,0,0,0,1
SAADR,SAA,SAAD,,interneuron,none,0,0,0,0,0,0,0,0,0,0,0,0,0,0,1,0,0,Head,1,0,0,1,0,0,0,0,0,0,0,0,0,0,0,0,0,0,0,0,0,0,0,0,0,0,0,0,0,0,1,0
SAAVL,SAA,SAAV,,interneuron,none,0,0,0,0,0,0,0,0,0,0,0,0,0,0,1,0,0,"Head, Midbody      ",1,1,0,1,1,0,0,0,0,1,0,0,0,0,0,0,0,0,0,0,0,1,0,0,0,0,0,0,0,1,0,0
SAAVR,SAA,SAAV,,interneuron,none,0,0,0,0,0,0,0,0,0,0,0,0,0,0,1,0,0,"Head, Midbody      ",1,1,0,1,1,0,0,0,1,0,0,0,0,0,0,0,0,0,0,0,1,0,0,0,0,0,0,0,1,0,0,0
SABD,SAB,,,interneuron,none,0,0,0,0,0,0,0,0,0,0,0,0,0,0,1,0,0,Head,1,0,0,0,1,0,0,0,0,1,0,0,0,0,0,0,0,0,0,0,0,0,0,0,0,0,0,0,0,0,1,1
SABVL,SAB,,,interneuron,none,0,0,0,0,0,0,0,0,0,0,0,0,0,0,1,0,0,Head,1,0,0,0,1,0,0,0,0,1,0,0,0,0,0,0,0,0,0,0,0,0,0,0,0,0,0,0,0,1,0,0
SABVR,SAB,,,interneuron,none,0,0,0,0,0,0,0,0,0,0,0,0,0,0,1,0,0,Head,1,0,0,0,1,0,0,0,1,0,0,0,0,0,0,0,0,0,0,0,0,0,0,0,0,0,0,0,1,0,0,0
RIML,RIM,RIM,,interneuron,none,0,0,0,0,0,0,0,0,0,0,0,0,0,0,1,0,0,Head,1,0,0,1,1,0,0,0,1,0,0,0,0,0,0,0,0,0,0,0,0,0,0,0,0,0,0,0,0,0,0,0
RIMR,RIM,RIM,,interneuron,none,0,0,0,0,0,0,0,0,0,0,0,0,0,0,1,0,0,Head,1,0,0,1,1,0,0,0,0,1,0,0,0,0,0,0,0,0,0,0,0,0,0,0,0,0,0,0,0,0,0,0
IL1DL,IL1,IL1D,,motor neuron,mechanosensory,0,0,0,0,0,0,0,0,0,1,0,0,0,0,0,1,0,Head,1,0,0,1,0,0,0,0,0,0,0,0,0,0,0,0,1,0,0,0,0,0,0,0,0,0,0,0,0,0,0,0
IL1DR,IL1,IL1D,,motor neuron,mechanosensory,0,0,0,0,0,0,0,0,0,1,0,0,0,0,0,1,0,Head,1,0,0,1,0,0,0,0,0,0,0,0,0,0,0,1,0,0,0,0,0,0,0,0,0,0,0,0,0,0,0,0
IL1L,IL1,IL1L,,motor neuron,mechanosensory,0,0,0,0,0,0,0,0,0,1,0,0,0,0,0,1,0,Head,1,0,0,1,0,0,0,0,0,0,0,0,1,0,0,0,0,0,0,0,0,0,0,0,0,0,0,0,0,0,0,0
IL1R,IL1,IL1R,,motor neuron,mechanosensory,0,0,0,0,0,0,0,0,0,1,0,0,0,0,0,1,0,Head,1,0,0,1,0,0,0,0,0,0,0,1,0,0,0,0,0,0,0,0,0,0,0,0,0,0,0,0,0,0,0,0
IL1VL,IL1,IL1V,,motor neuron,mechanosensory,0,0,0,0,0,0,0,0,0,1,0,0,0,0,0,1,0,Head,1,0,0,1,0,0,0,0,0,0,0,0,0,0,0,0,0,0,1,0,0,0,0,0,0,0,0,0,0,0,0,0
IL1VR,IL1,IL1V,,motor neuron,mechanosensory,0,0,0,0,0,0,0,0,0,1,0,0,0,0,0,1,0,Head,1,0,0,1,0,0,0,0,0,0,0,0,0,0,0,0,0,1,0,0,0,0,0,0,0,0,0,0,0,0,0,0
SIADL,SIA,SIAD,,motor neuron,none,0,0,0,0,0,0,0,0,0,0,0,0,0,0,0,1,0,"Head, Midbody      ",1,1,0,1,0,0,0,0,0,0,0,0,0,0,0,0,0,0,0,0,0,1,0,0,0,0,0,0,0,0,0,0
SIADR,SIA,SIAD,,motor neuron,none,0,0,0,0,0,0,0,0,0,0,0,0,0,0,0,1,0,"Head, Midbody      ",1,1,0,1,0,0,0,0,0,0,0,0,0,0,0,0,0,0,0,0,1,0,0,0,0,0,0,0,0,0,0,0
SIAVL,SIA,SIAV,,motor neuron,none,0,0,0,0,0,0,0,0,0,0,0,0,0,0,0,1,0,"Head, Midbody      ",1,1,0,1,1,0,0,0,1,0,0,0,0,0,0,0,0,0,0,0,0,0,0,1,0,0,0,0,0,0,0,0
SIAVR,SIA,SIAV,,motor neuron,none,0,0,0,0,0,0,0,0,0,0,0,0,0,0,0,1,0,"Head, Midbody      ",1,1,0,1,1,0,0,0,0,1,0,0,0,0,0,0,0,0,0,0,0,0,0,0,1,0,0,0,0,0,0,0
SIBDL,SIB,SIBD,,motor neuron,none,0,0,0,0,0,0,0,0,0,0,0,0,0,0,0,1,0,"Head, Midbody      ",1,1,0,1,1,0,0,0,1,0,0,0,0,0,0,0,0,0,0,0,0,1,0,0,0,0,0,0,0,0,0,0
SIBDR,SIB,SIBD,,motor neuron,none,0,0,0,0,0,0,0,0,0,0,0,0,0,0,0,1,0,"Head, Midbody      ",1,1,0,1,1,0,0,0,0,1,0,0,0,0,0,0,0,0,0,0,1,0,0,0,0,0,0,0,0,0,0,0
SIBVL,SIB,SIBV,,motor neuron,none,0,0,0,0,0,0,0,0,0,0,0,0,0,0,0,1,0,"Head, Midbody      ",1,1,0,1,0,0,0,0,0,1,0,0,0,0,0,0,0,0,0,0,0,0,0,1,0,0,0,0,0,0,0,0
SIBVR,SIB,SIBV,,motor neuron,none,0,0,0,0,0,0,0,0,0,0,0,0,0,0,0,1,0,"Head, Midbody      ",1,1,0,1,0,0,0,0,1,0,0,0,0,0,0,0,0,0,0,0,0,0,0,0,1,0,0,0,0,0,0,0
RMDDL,RMD,RMDD,,motor neuron,none,0,0,0,0,0,0,0,0,0,0,0,0,0,0,0,1,0,Head,1,0,0,1,1,0,0,0,0,0,0,0,0,0,0,0,0,0,0,0,0,0,0,0,0,0,0,0,0,0,0,0
RMDDR,RMD,RMDD,,motor neuron,none,0,0,0,0,0,0,0,0,0,0,0,0,0,0,0,1,0,Head,1,0,0,1,1,0,0,0,0,0,0,0,0,0,0,0,0,0,0,0,0,0,0,0,0,0,0,0,0,0,0,0
RMDL,RMD,RMD,,motor neuron,none,0,0,0,0,0,0,0,0,0,0,0,0,0,0,0,1,0,Head,1,0,0,1,0,0,0,0,0,0,0,0,0,0,0,0,0,0,0,0,0,0,0,0,0,0,0,0,0,0,0,0
RMDR,RMD,RMD,,motor neuron,none,0,0,0,0,0,0,0,0,0,0,0,0,0,0,0,1,0,Head,1,0,0,1,0,0,0,0,0,0,0,0,0,0,0,0,0,0,0,0,0,0,0,0,0,0,0,0,0,0,0,0
RMDVL,RMD,RMDV,,motor neuron,none,0,0,0,0,0,0,0,0,0,0,0,0,0,0,0,1,0,Head,1,0,0,1,0,0,0,0,0,0,0,0,0,0,0,0,0,0,0,0,0,0,0,0,0,0,0,0,0,0,0,0
RMDVR,RMD,RMDV,,motor neuron,none,0,0,0,0,0,0,0,0,0,0,0,0,0,0,0,1,0,Head,1,0,0,1,0,0,0,0,0,0,0,0,0,0,0,0,0,0,0,0,0,0,0,0,0,0,0,0,0,0,0,0
RMED,RME,RMED,,motor neuron,none,0,0,0,0,0,0,0,0,0,0,0,0,0,0,0,1,0,"Head, Midbody      ",1,1,0,1,0,0,1,0,0,0,0,0,0,0,0,0,0,0,0,0,0,0,0,0,0,0,0,0,0,0,0,0
RMEL,RME,RME,,motor neuron,none,0,0,0,0,0,0,0,0,0,0,0,0,0,0,0,1,0,Head,1,0,0,1,0,0,0,0,0,0,0,0,0,0,0,0,0,0,0,0,0,0,0,0,0,0,0,0,0,0,0,0
RMER,RME,RME,,motor neuron,none,0,0,0,0,0,0,0,0,0,0,0,0,0,0,0,1,0,Head,1,0,0,1,0,0,0,0,0,0,0,0,0,0,0,0,0,0,0,0,0,0,0,0,0,0,0,0,0,0,0,0
RMEV,RME,RMEV,,motor neuron,none,0,0,0,0,0,0,0,0,0,0,0,0,0,0,0,1,0,"Head, Midbody      ",1,1,0,1,1,1,0,0,0,0,0,0,0,0,0,0,0,0,0,0,0,0,0,0,0,0,0,0,0,0,0,0
RMFL,RMF,RMF,,motor neuron,none,0,0,0,0,0,0,0,0,0,0,0,0,0,0,0,1,0,Head,1,0,0,1,0,0,0,0,0,0,0,0,0,0,0,0,0,0,0,0,0,0,0,0,0,0,0,0,0,0,0,0
RMFR,RMF,RMF,,motor neuron,none,0,0,0,0,0,0,0,0,0,0,0,0,0,0,0,1,0,Head,1,0,0,1,0,0,0,0,0,0,0,0,0,0,0,0,0,0,0,0,0,0,0,0,0,0,0,0,0,0,0,0
RMHL,RMH,RMH,,motor neuron,none,0,0,0,0,0,0,0,0,0,0,0,0,0,0,0,1,0,Head,1,0,0,1,0,0,0,0,0,0,0,0,0,0,0,0,0,0,0,0,0,0,0,0,0,0,0,0,0,0,0,0
RMHR,RMH,RMH,,motor neuron,none,0,0,0,0,0,0,0,0,0,0,0,0,0,0,0,1,0,Head,1,0,0,1,0,0,0,0,0,0,0,0,0,0,0,0,0,0,0,0,0,0,0,0,0,0,0,0,0,0,0,0
RIVL,RIV,RIV,,motor neuron,none,0,0,0,0,0,0,0,0,0,0,0,0,0,0,0,1,0,Head,1,0,0,1,0,0,0,0,0,0,0,0,0,0,0,0,0,0,0,0,0,0,0,0,0,0,0,0,0,0,0,0
RIVR,RIV,RIV,,motor neuron,none,0,0,0,0,0,0,0,0,0,0,0,0,0,0,0,1,0,Head,1,0,0,1,0,0,0,0,0,0,0,0,0,0,0,0,0,0,0,0,0,0,0,0,0,0,0,0,0,0,0,0
SMBDL,SMB,SMBD,,motor neuron,none,0,0,0,0,0,0,0,0,0,0,0,0,0,0,0,1,0,"Head, Midbody      ",1,1,0,1,0,0,0,0,0,0,0,0,0,0,0,0,0,0,0,0,0,1,0,0,0,0,0,0,0,0,0,0
SMBDR,SMB,SMBD,,motor neuron,none,0,0,0,0,0,0,0,0,0,0,0,0,0,0,0,1,0,"Head, Midbody      ",1,1,0,1,0,0,0,0,0,0,0,0,0,0,0,0,0,0,0,0,1,0,0,0,0,0,0,0,0,0,0,0
SMBVL,SMB,SMBV,,motor neuron,none,0,0,0,0,0,0,0,0,0,0,0,0,0,0,0,1,0,"Head, Midbody      ",1,1,0,1,1,0,0,0,1,0,0,0,0,0,0,0,0,0,0,0,0,0,0,1,0,0,0,0,0,0,0,0
SMBVR,SMB,SMBV,,motor neuron,none,0,0,0,0,0,0,0,0,0,0,0,0,0,0,0,1,0,"Head, Midbody      ",1,1,0,1,1,0,0,0,0,1,0,0,0,0,0,0,0,0,0,0,0,0,0,0,1,0,0,0,0,0,0,0
SMDDL,SMD,SMDD,,motor neuron,none,0,0,0,0,0,0,0,0,0,0,0,0,0,0,0,1,0,"Head, Midbody      ",1,1,0,1,0,0,0,0,0,0,0,0,0,0,0,0,0,0,0,0,0,1,0,0,0,0,0,0,0,0,0,0
SMDDR,SMD,SMDD,,motor neuron,none,0,0,0,0,0,0,0,0,0,0,0,0,0,0,0,1,0,"Head, Midbody      ",1,1,0,1,0,0,0,0,0,0,0,0,0,0,0,0,0,0,0,0,1,0,0,0,0,0,0,0,0,0,0,0
SMDVL,SMD,SMDV,,motor neuron,none,0,0,0,0,0,0,0,0,0,0,0,0,0,0,0,1,0,"Head, Midbody      ",1,1,0,1,1,0,0,0,0,1,0,0,0,0,0,0,0,0,0,0,0,0,0,1,0,0,0,0,0,0,0,0
SMDVR,SMD,SMDV,,motor neuron,none,0,0,0,0,0,0,0,0,0,0,0,0,0,0,0,1,0,"Head, Midbody      ",1,1,0,1,1,0,0,0,1,0,0,0,0,0,0,0,0,0,0,0,0,0,0,0,1,0,0,0,0,0,0,0
URADL,URA,URAD,,motor neuron,none,0,0,0,0,0,0,0,0,0,0,0,0,0,0,0,1,0,Head,1,0,0,1,0,0,0,0,0,0,0,0,0,0,0,0,1,0,0,0,0,0,0,0,0,0,0,0,0,0,0,0
URADR,URA,URAD,,motor neuron,none,0,0,0,0,0,0,0,0,0,0,0,0,0,0,0,1,0,Head,1,0,0,1,0,0,0,0,0,0,0,0,0,0,0,1,0,0,0,0,0,0,0,0,0,0,0,0,0,0,0,0
URAVL,URA,URAV,,motor neuron,none,0,0,0,0,0,0,0,0,0,0,0,0,0,0,0,1,0,Head,1,0,0,1,0,0,0,0,0,0,0,0,0,0,0,0,0,0,1,0,0,0,0,0,0,0,0,0,0,0,0,0
URAVR,URA,URAV,,motor neuron,none,0,0,0,0,0,0,0,0,0,0,0,0,0,0,0,1,0,Head,1,0,0,1,0,0,0,0,0,0,0,0,0,0,0,0,0,1,0,0,0,0,0,0,0,0,0,0,0,0,0,0
DA01,DA,,DA1,motor neuron,none,0,0,0,0,0,0,0,0,0,0,0,0,0,0,0,1,0,"Head, Midbody      ",1,1,0,0,1,1,1,0,0,0,0,0,0,1,0,0,0,0,0,0,0,0,0,0,0,0,0,0,0,0,0,0
DA02,DA,,DA2,motor neuron,none,0,0,0,0,0,0,0,0,0,0,0,0,0,0,0,1,0,"Head, Midbody      ",1,1,0,0,1,1,1,0,0,0,0,0,0,1,0,0,0,0,0,0,0,0,0,0,0,0,0,0,0,0,0,0
DA03,DA,,DA3,motor neuron,none,0,0,0,0,0,0,0,0,0,0,0,0,0,0,0,1,0,"Head, Midbody      ",1,1,0,0,1,1,1,0,0,0,0,0,0,1,0,0,0,0,0,0,0,0,0,0,0,0,0,0,0,0,0,0
DA04,DA,,DA4,motor neuron,none,0,0,0,0,0,0,0,0,0,0,0,0,0,0,0,1,0,"Head, Midbody      ",1,1,0,0,1,1,1,0,0,0,0,0,0,0,0,0,0,0,0,0,0,0,0,0,0,0,0,0,0,0,0,0
DA05,DA,,DA5,motor neuron,none,0,0,0,0,0,0,0,0,0,0,0,0,0,0,0,1,0,Midbody,0,1,0,0,0,1,1,0,0,0,0,0,0,0,0,0,0,0,0,0,0,0,0,0,0,0,0,0,0,0,0,0
DA06,DA,,DA6,motor neuron,none,0,0,0,0,0,0,0,0,0,0,0,0,0,0,0,1,0,Midbody,0,1,0,0,0,1,1,0,0,0,0,0,0,0,0,0,0,0,0,0,0,0,0,0,0,0,0,0,0,0,0,0
DA07,DA,,DA7,motor neuron,none,0,0,0,0,0,0,0,0,0,0,0,0,0,0,0,1,0,Midbody,0,1,0,0,0,1,1,0,0,0,0,0,0,0,0,0,0,0,0,0,0,0,0,0,0,0,0,0,0,0,0,0
DA08,DA,,DA8,motor neuron,none,0,0,0,0,0,0,0,0,0,0,0,0,0,0,0,1,0,"Midbody, Tail      ",0,1,1,0,0,1,1,1,0,0,0,0,0,0,0,0,0,0,0,0,0,0,0,0,0,0,0,0,0,0,0,0
DA09,DA,,DA9,motor neuron,none,0,0,0,0,0,0,0,0,0,0,0,0,0,0,0,1,0,"Midbody, Tail      ",0,1,1,0,0,1,1,1,0,0,0,0,0,0,0,0,0,0,0,0,0,0,0,0,0,0,0,0,0,0,0,0
PDA,PDA,,,motor neuron,none,0,0,0,0,0,0,0,0,0,0,0,0,0,0,0,1,0,"Midbody, Tail      ",0,1,1,0,0,0,1,1,0,0,0,0,0,0,0,0,0,0,0,0,0,0,0,0,0,0,0,0,0,0,0,0
DB01,DB,,DB1,motor neuron,none,0,0,0,0,0,0,0,0,0,0,0,0,0,0,0,1,0,"Head, Midbody      ",1,1,0,0,1,1,1,0,0,0,0,0,0,1,0,0,0,0,0,0,0,0,0,0,0,0,0,0,0,0,0,0
DB02,DB,,DB2,motor neuron,none,0,0,0,0,0,0,0,0,0,0,0,0,0,0,0,1,0,"Head, Midbody      ",1,1,0,0,0,1,1,0,0,0,0,0,0,1,0,0,0,0,0,0,0,0,0,0,0,0,0,0,0,0,0,0
DB03,DB,,DB3,motor neuron,none,0,0,0,0,0,0,0,0,0,0,0,0,0,0,0,1,0,Midbody,0,1,0,0,0,1,1,0,0,0,0,0,0,0,0,0,0,0,0,0,0,0,0,0,0,0,0,0,0,0,0,0
DB04,DB,,DB4,motor neuron,none,0,0,0,0,0,0,0,0,0,0,0,0,0,0,0,1,0,Midbody,0,1,0,0,0,1,1,0,0,0,0,0,0,0,0,0,0,0,0,0,0,0,0,0,0,0,0,0,0,0,0,0
DB05,DB,,DB5,motor neuron,none,0,0,0,0,0,0,0,0,0,0,0,0,0,0,0,1,0,Midbody,0,1,0,0,0,1,1,0,0,0,0,0,0,0,0,0,0,0,0,0,0,0,0,0,0,0,0,0,0,0,0,0
DB06,DB,,DB6,motor neuron,none,0,0,0,0,0,0,0,0,0,0,0,0,0,0,0,1,0,Midbody,0,1,0,0,0,1,1,0,0,0,0,0,0,0,0,0,0,0,0,0,0,0,0,0,0,0,0,0,0,0,0,0
DB07,DB,,DB7,motor neuron,none,0,0,0,0,0,0,0,0,0,0,0,0,0,0,0,1,0,Midbody,0,1,0,0,0,1,1,0,0,0,0,0,0,0,0,0,0,0,0,0,0,0,0,0,0,0,0,0,0,0,0,0
AS01,AS,,AS1,motor neuron,none,0,0,0,0,0,0,0,0,0,0,0,0,0,0,0,1,0,"Head, Midbody      ",1,1,0,0,1,1,1,0,0,0,0,0,0,1,0,0,0,0,0,0,0,0,0,0,0,0,0,0,0,0,0,0
AS02,AS,,AS2,motor neuron,none,0,0,0,0,0,0,0,0,0,0,0,0,0,0,0,1,0,"Head, Midbody      ",1,1,0,0,1,1,1,0,0,0,0,0,0,0,0,0,0,0,0,0,0,0,0,0,0,0,0,0,0,0,0,0
AS03,AS,,AS3,motor neuron,none,0,0,0,0,0,0,0,0,0,0,0,0,0,0,0,1,0,Midbody,0,1,0,0,0,1,1,0,0,0,0,0,0,0,0,0,0,0,0,0,0,0,0,0,0,0,0,0,0,0,0,0
AS04,AS,,AS4,motor neuron,none,0,0,0,0,0,0,0,0,0,0,0,0,0,0,0,1,0,Midbody,0,1,0,0,0,1,1,0,0,0,0,0,0,0,0,0,0,0,0,0,0,0,0,0,0,0,0,0,0,0,0,0
AS05,AS,,AS5,motor neuron,none,0,0,0,0,0,0,0,0,0,0,0,0,0,0,0,1,0,Midbody,0,1,0,0,0,1,1,0,0,0,0,0,0,0,0,0,0,0,0,0,0,0,0,0,0,0,0,0,0,0,0,0
AS06,AS,,AS6,motor neuron,none,0,0,0,0,0,0,0,0,0,0,0,0,0,0,0,1,0,Midbody,0,1,0,0,0,1,1,0,0,0,0,0,0,0,0,0,0,0,0,0,0,0,0,0,0,0,0,0,0,0,0,0
AS07,AS,,AS7,motor neuron,none,0,0,0,0,0,0,0,0,0,0,0,0,0,0,0,1,0,Midbody,0,1,0,0,0,1,1,0,0,0,0,0,0,0,0,0,0,0,0,0,0,0,0,0,0,0,0,0,0,0,0,0
AS08,AS,,AS8,motor neuron,none,0,0,0,0,0,0,0,0,0,0,0,0,0,0,0,1,0,Midbody,0,1,0,0,0,1,1,0,0,0,0,0,0,0,0,0,0,0,0,0,0,0,0,0,0,0,0,0,0,0,0,0
AS09,AS,,AS9,motor neuron,none,0,0,0,0,0,0,0,0,0,0,0,0,0,0,0,1,0,Midbody,0,1,0,0,0,1,1,0,0,0,0,0,0,0,0,0,0,0,0,0,0,0,0,0,0,0,0,0,0,0,0,0
AS10,AS,,AS10,motor neuron,none,0,0,0,0,0,0,0,0,0,0,0,0,0,0,0,1,0,Midbody,0,1,0,0,0,1,1,0,0,0,0,0,0,0,0,0,0,0,0,0,0,0,0,0,0,0,0,0,0,0,0,0
AS11,AS,,AS11,motor neuron,none,0,0,0,0,0,0,0,0,0,0,0,0,0,0,0,1,0,"Midbody, Tail      ",0,1,1,0,0,1,1,1,0,0,0,0,0,0,0,0,0,0,0,0,0,0,0,0,0,0,0,0,0,0,0,0
PDB,PDB,,,motor neuron,none,0,0,0,0,0,0,0,0,0,0,0,0,0,0,0,1,0,"Midbody, Tail      ",0,1,1,0,0,0,1,1,0,0,0,0,0,0,0,0,0,0,0,0,0,0,0,0,0,0,0,0,0,0,0,0
DD01,DD,,DD1,motor neuron,none,0,0,0,0,0,0,0,0,0,0,0,0,0,0,0,1,0,"Head, Midbody      ",1,1,0,0,1,1,1,0,0,0,0,0,0,1,0,0,0,0,0,0,0,0,0,0,0,0,0,0,0,0,0,0
DD02,DD,,DD2,motor neuron,none,0,0,0,0,0,0,0,0,0,0,0,0,0,0,0,1,0,Midbody,0,1,0,0,0,1,1,0,0,0,0,0,0,0,0,0,0,0,0,0,0,0,0,0,0,0,0,0,0,0,0,0
DD03,DD,,DD3,motor neuron,none,0,0,0,0,0,0,0,0,0,0,0,0,0,0,0,1,0,Midbody,0,1,0,0,0,1,1,0,0,0,0,0,0,0,0,0,0,0,0,0,0,0,0,0,0,0,0,0,0,0,0,0
DD04,DD,,DD4,motor neuron,none,0,0,0,0,0,0,0,0,0,0,0,0,0,0,0,1,0,Midbody,0,1,0,0,0,1,1,0,0,0,0,0,0,0,0,0,0,0,0,0,0,0,0,0,0,0,0,0,0,0,0,0
DD05,DD,,DD5,motor neuron,none,0,0,0,0,0,0,0,0,0,0,0,0,0,0,0,1,0,Midbody,0,1,0,0,0,1,1,0,0,0,0,0,0,0,0,0,0,0,0,0,0,0,0,0,0,0,0,0,0,0,0,0
DD06,DD,,DD6,motor neuron,none,0,0,0,0,0,0,0,0,0,0,0,0,0,0,0,1,0,"Midbody, Tail      ",0,1,1,0,0,1,1,1,0,0,0,0,0,0,0,0,0,0,0,0,0,0,0,0,0,0,0,0,0,0,0,0
VA01,VA,,VA1,motor neuron,none,0,0,0,0,0,0,0,0,0,0,0,0,0,0,0,1,0,"Head, Midbody      ",1,1,0,0,1,1,0,0,0,0,0,0,0,1,0,0,0,0,0,0,0,0,0,0,0,0,0,0,0,0,0,0
VA02,VA,,VA2,motor neuron,none,0,0,0,0,0,0,0,0,0,0,0,0,0,0,0,1,0,"Head, Midbody      ",1,1,0,0,1,1,0,0,0,0,0,0,0,1,0,0,0,0,0,0,0,0,0,0,0,0,0,0,0,0,0,0
VA03,VA,,VA3,motor neuron,none,0,0,0,0,0,0,0,0,0,0,0,0,0,0,0,1,0,"Head, Midbody      ",1,1,0,0,1,1,0,0,0,0,0,0,0,1,0,0,0,0,0,0,0,0,0,0,0,0,0,0,0,0,0,0
VA04,VA,,VA4,motor neuron,none,0,0,0,0,0,0,0,0,0,0,0,0,0,0,0,1,0,"Head, Midbody      ",1,1,0,0,1,1,0,0,0,0,0,0,0,0,0,0,0,0,0,0,0,0,0,0,0,0,0,0,0,0,0,0
VA05,VA,,VA5,motor neuron,none,0,0,0,0,0,0,0,0,0,0,0,0,0,0,0,1,0,Midbody,0,1,0,0,0,1,0,0,0,0,0,0,0,0,0,0,0,0,0,0,0,0,0,0,0,0,0,0,0,0,0,0
VA06,VA,,VA6,motor neuron,none,0,0,0,0,0,0,0,0,0,0,0,0,0,0,0,1,0,Midbody,0,1,0,0,0,1,0,0,0,0,0,0,0,0,0,0,0,0,0,0,0,0,0,0,0,0,0,0,0,0,0,0
VA07,VA,,VA7,motor neuron,none,0,0,0,0,0,0,0,0,0,0,0,0,0,0,0,1,0,Midbody,0,1,0,0,0,1,0,0,0,0,0,0,0,0,0,0,0,0,0,0,0,0,0,0,0,0,0,0,0,0,0,0
VA08,VA,,VA8,motor neuron,none,0,0,0,0,0,0,0,0,0,0,0,0,0,0,0,1,0,Midbody,0,1,0,0,0,1,0,0,0,0,0,0,0,0,0,0,0,0,0,0,0,0,0,0,0,0,0,0,0,0,0,0
VA09,VA,,VA9,motor neuron,none,0,0,0,0,0,0,0,0,0,0,0,0,0,0,0,1,0,Midbody,0,1,0,0,0,1,0,0,0,0,0,0,0,0,0,0,0,0,0,0,0,0,0,0,0,0,0,0,0,0,0,0
VA10,VA,,VA10,motor neuron,none,0,0,0,0,0,0,0,0,0,0,0,0,0,0,0,1,0,Midbody,0,1,0,0,0,1,0,0,0,0,0,0,0,0,0,0,0,0,0,0,0,0,0,0,0,0,0,0,0,0,0,0
VA11,VA,,VA11,motor neuron,none,0,0,0,0,0,0,0,0,0,0,0,0,0,0,0,1,0,Midbody,0,1,0,0,0,1,0,0,0,0,0,0,0,0,0,0,0,0,0,0,0,0,0,0,0,0,0,0,0,0,0,0
VA12,VA,,VA12,motor neuron,none,0,0,0,0,0,0,0,0,0,0,0,0,0,0,0,1,0,"Midbody, Tail      ",0,1,1,0,0,1,0,1,0,0,0,0,0,0,0,0,0,0,0,0,0,0,0,0,0,0,0,0,0,0,0,0
VB01,VB,VB01,VB1,motor neuron,none,0,0,0,0,0,0,0,0,0,0,0,0,0,0,0,1,0,"Head, Midbody      ",1,1,0,0,1,1,0,0,0,0,0,0,0,0,0,0,0,0,0,0,0,0,0,0,0,0,0,0,0,0,0,0
VB02,VB,VB02,VB2,motor neuron,none,0,0,0,0,0,0,0,0,0,0,0,0,0,0,0,1,0,"Head, Midbody      ",1,1,0,0,1,1,0,0,0,0,0,0,0,1,0,0,0,0,0,0,0,0,0,0,0,0,0,0,0,0,0,0
VB03,VB,,VB3,motor neuron,none,0,0,0,0,0,0,0,0,0,0,0,0,0,0,0,1,0,Midbody,0,1,0,0,0,1,0,0,0,0,0,0,0,0,0,0,0,0,0,0,0,0,0,0,0,0,0,0,0,0,0,0
VB04,VB,,VB4,motor neuron,none,0,0,0,0,0,0,0,0,0,0,0,0,0,0,0,1,0,Midbody,0,1,0,0,0,1,0,0,0,0,0,0,0,0,0,0,0,0,0,0,0,0,0,0,0,0,0,0,0,0,0,0
VB05,VB,,VB5,motor neuron,none,0,0,0,0,0,0,0,0,0,0,0,0,0,0,0,1,0,Midbody,0,1,0,0,0,1,0,0,0,0,0,0,0,0,0,0,0,0,0,0,0,0,0,0,0,0,0,0,0,0,0,0
VB06,VB,,VB6,motor neuron,none,0,0,0,0,0,0,0,0,0,0,0,0,0,0,0,1,0,Midbody,0,1,0,0,0,1,0,0,0,0,0,0,0,0,0,0,0,0,0,0,0,0,0,0,0,0,0,0,0,0,0,0
VB07,VB,,VB7,motor neuron,none,0,0,0,0,0,0,0,0,0,0,0,0,0,0,0,1,0,Midbody,0,1,0,0,0,1,0,0,0,0,0,0,0,0,0,0,0,0,0,0,0,0,0,0,0,0,0,0,0,0,0,0
VB08,VB,,VB8,motor neuron,none,0,0,0,0,0,0,0,0,0,0,0,0,0,0,0,1,0,Midbody,0,1,0,0,0,1,0,0,0,0,0,0,0,0,0,0,0,0,0,0,0,0,0,0,0,0,0,0,0,0,0,0
VB09,VB,,VB9,motor neuron,none,0,0,0,0,0,0,0,0,0,0,0,0,0,0,0,1,0,Midbody,0,1,0,0,0,1,0,0,0,0,0,0,0,0,0,0,0,0,0,0,0,0,0,0,0,0,0,0,0,0,0,0
VB10,VB,,VB10,motor neuron,none,0,0,0,0,0,0,0,0,0,0,0,0,0,0,0,1,0,Midbody,0,1,0,0,0,1,0,0,0,0,0,0,0,0,0,0,0,0,0,0,0,0,0,0,0,0,0,0,0,0,0,0
VB11,VB,,VB11,motor neuron,none,0,0,0,0,0,0,0,0,0,0,0,0,0,0,0,1,0,Midbody,0,1,0,0,0,1,0,0,0,0,0,0,0,0,0,0,0,0,0,0,0,0,0,0,0,0,0,0,0,0,0,0
VD01,VD,,VD1,motor neuron,none,0,0,0,0,0,0,0,0,0,0,0,0,0,0,0,1,0,"Head, Midbody      ",1,1,0,0,1,1,1,0,0,0,0,0,0,1,0,0,0,0,0,0,0,0,0,0,0,0,0,0,0,0,0,0
VD02,VD,,VD2,motor neuron,none,0,0,0,0,0,0,0,0,0,0,0,0,0,0,0,1,0,"Head, Midbody      ",1,1,0,0,1,1,1,0,0,0,0,0,0,1,0,0,0,0,0,0,0,0,0,0,0,0,0,0,0,0,0,0
VD03,VD,,VD3,motor neuron,none,0,0,0,0,0,0,0,0,0,0,0,0,0,0,0,1,0,Midbody,0,1,0,0,0,1,1,0,0,0,0,0,0,0,0,0,0,0,0,0,0,0,0,0,0,0,0,0,0,0,0,0
VD04,VD,,VD4,motor neuron,none,0,0,0,0,0,0,0,0,0,0,0,0,0,0,0,1,0,Midbody,0,1,0,0,0,1,1,0,0,0,0,0,0,0,0,0,0,0,0,0,0,0,0,0,0,0,0,0,0,0,0,0
VD05,VD,,VD5,motor neuron,none,0,0,0,0,0,0,0,0,0,0,0,0,0,0,0,1,0,Midbody,0,1,0,0,0,1,1,0,0,0,0,0,0,0,0,0,0,0,0,0,0,0,0,0,0,0,0,0,0,0,0,0
VD06,VD,,VD6,motor neuron,none,0,0,0,0,0,0,0,0,0,0,0,0,0,0,0,1,0,Midbody,0,1,0,0,0,1,1,0,0,0,0,0,0,0,0,0,0,0,0,0,0,0,0,0,0,0,0,0,0,0,0,0
VD07,VD,,VD7,motor neuron,none,0,0,0,0,0,0,0,0,0,0,0,0,0,0,0,1,0,Midbody,0,1,0,0,0,1,1,0,0,0,0,0,0,0,0,0,0,0,0,0,0,0,0,0,0,0,0,0,0,0,0,0
VD08,VD,,VD8,motor neuron,none,0,0,0,0,0,0,0,0,0,0,0,0,0,0,0,1,0,Midbody,0,1,0,0,0,1,1,0,0,0,0,0,0,0,0,0,0,0,0,0,0,0,0,0,0,0,0,0,0,0,0,0
VD09,VD,,VD9,motor neuron,none,0,0,0,0,0,0,0,0,0,0,0,0,0,0,0,1,0,Midbody,0,1,0,0,0,1,1,0,0,0,0,0,0,0,0,0,0,0,0,0,0,0,0,0,0,0,0,0,0,0,0,0
VD10,VD,,VD10,motor neuron,none,0,0,0,0,0,0,0,0,0,0,0,0,0,0,0,1,0,Midbody,0,1,0,0,0,1,1,0,0,0,0,0,0,0,0,0,0,0,0,0,0,0,0,0,0,0,0,0,0,0,0,0
VD11,VD,,VD11,motor neuron,none,0,0,0,0,0,0,0,0,0,0,0,0,0,0,0,1,0,Midbody,0,1,0,0,0,1,1,0,0,0,0,0,0,0,0,0,0,0,0,0,0,0,0,0,0,0,0,0,0,0,0,0
VD12,VD,,VD12,motor neuron,none,0,0,0,0,0,0,0,0,0,0,0,0,0,0,0,1,0,"Midbody, Tail      ",0,1,1,0,0,1,1,1,0,0,0,0,0,0,0,0,0,0,0,0,0,0,0,0,0,0,0,0,0,0,0,0
VD13,VD,,VD13,motor neuron,none,0,0,0,0,0,0,0,0,0,0,0,0,0,0,0,1,0,"Midbody, Tail      ",0,1,1,0,0,1,1,1,0,0,0,0,0,0,0,0,0,0,0,0,0,0,0,0,0,0,0,0,0,0,0,0
HSNL,HSN,,HSNL,motor neuron,none,0,0,0,0,0,0,0,0,0,0,0,0,0,0,0,1,0,"Head, Midbody      ",1,1,0,1,1,1,0,0,0,0,0,0,0,0,0,0,0,0,0,0,0,0,0,0,0,0,0,0,0,0,0,0
HSNR,HSN,,HSNR,motor neuron,none,0,0,0,0,0,0,0,0,0,0,0,0,0,0,0,1,0,"Head, Midbody      ",1,1,0,1,1,1,0,0,0,0,0,0,0,0,0,0,0,0,0,0,0,0,0,0,0,0,0,0,0,0,0,0
VC01,VC,,VC1,motor neuron,none,0,0,0,0,0,0,0,0,0,0,0,0,0,0,0,1,0,"Head, Midbody      ",1,1,0,0,1,1,0,0,0,0,0,0,0,0,0,0,0,0,0,0,0,0,0,0,0,0,0,0,0,0,0,0
VC02,VC,,VC2,motor neuron,none,0,0,0,0,0,0,0,0,0,0,0,0,0,0,0,1,0,"Head, Midbody      ",1,1,0,0,1,1,0,0,0,0,0,0,0,0,0,0,0,0,0,0,0,0,0,0,0,0,0,0,0,0,0,0
VC03,VC,,VC3,motor neuron,none,0,0,0,0,0,0,0,0,0,0,0,0,0,0,0,1,0,Midbody,0,1,0,0,0,1,0,0,0,0,0,0,0,0,0,0,0,0,0,0,0,0,0,0,0,0,0,0,0,0,0,0
VC04,VC,,VC4,motor neuron,none,0,0,0,0,0,0,0,0,0,0,0,0,0,0,0,1,0,Midbody,0,1,0,0,0,1,0,0,0,0,0,0,0,0,0,0,0,0,0,0,0,0,0,0,0,0,0,0,0,0,0,0
VC05,VC,,VC5,motor neuron,none,0,0,0,0,0,0,0,0,0,0,0,0,0,0,0,1,0,Midbody,0,1,0,0,0,1,0,0,0,0,0,0,0,0,0,0,0,0,0,0,0,0,0,0,0,0,0,0,0,0,0,0
VC06,VC,,VC6,motor neuron,none,0,0,0,0,0,0,0,0,0,0,0,0,0,0,0,1,0,Midbody,0,1,0,0,0,1,0,0,0,0,0,0,0,0,0,0,0,0,0,0,0,0,0,0,0,0,0,0,0,0,0,0
