I1L,I1R,I2L,I2R,I3,I4,I5,I6,M1,M2L,M2R,M3L,M3R,M4,M5,MCL,MCR,MI,NSML,NSMR,ADFL,ADFR,ADLL,ADLR,ASEL,ASER,ASGL,ASGR,ASHL,ASHR,ASIL,ASIR,ASJL,ASJR,ASKL,ASKR,AWAL,AWAR,AWBL,AWBR,AWCL,AWCR,AFDL,AFDR,IL2DL,IL2DR,IL2L,IL2R,IL2VL,IL2VR,OLQDL,OLQDR,OLQVL,OLQVR,OLLL,OLLR,CEPDL,CEPDR,CEPVL,CEPVR,ALML,ALMR,AVM,PVM,PLML,PLMR,ALNL,ALNR,PLNL,PLNR,FLPL,FLPR,PVDL,PVDR,BAGL,BAGR,URXL,URXR,URYDL,URYDR,URYVL,URYVR,AQR,PQR,ADEL,ADER,PDEL,PDER,PHAL,PHAR,PHBL,PHBR,PHCL,PHCR,SDQL,SDQR,URBL,URBR,DVA,AUAL,AUAR,AIAL,AIAR,AIBL,AIBR,AIYL,AIYR,AIZL,AIZR,ADAL,ADAR,AIML,AIMR,AINL,AINR,ALA,BDUL,BDUR,CANL,CANR,RIPL,RIPR,RIAL,RIAR,RIBL,RIBR,RICL,RICR,RIFL,RIFR,RIGL,RIGR,RIH,RIR,RIS,RMGL,RMGR,AVFL,AVFR,AVG,AVHL,AVHR,AVJL,AVJR,AVKL,AVKR,AVL,DVB,DVC,PVNL,PVNR,PVPL,PVPR,PVQL,PVQR,PVR,PVT,PVWL,PVWR,RID,PVCL,PVCR,AVAL,AVAR,AVBL,AVBR,AVDL,AVDR,AVEL,AVER,LUAL,LUAR,SAADL,SAADR,SAAVL,SAAVR,SABD,SABVL,SABVR,RIML,RIMR,IL1DL,IL1DR,IL1L,IL1R,IL1VL,IL1VR,SIADL,SIADR,SIAVL,SIAVR,SIBDL,SIBDR,SIBVL,SIBVR,RMDDL,RMDDR,RMDL,RMDR,RMDVL,RMDVR,RMED,RMEL,RMER,RMEV,RMFL,RMFR,RMHL,RMHR,RIVL,RIVR,SMBDL,SMBDR,SMBVL,SMBVR,SMDDL,SMDDR,SMDVL,SMDVR,URADL,URADR,URAVL,URAVR,DA01,DA02,DA03,DA04,DA05,DA06,DA07,DA08,DA09,PDA,DB01,DB02,DB03,DB04,DB05,DB06,DB07,AS01,AS02,AS03,AS04,AS05,AS06,AS07,AS08,AS09,AS10,AS11,PDB,DD01,DD02,DD03,DD04,DD05,DD06,VA01,VA02,VA03,VA04,VA05,VA06,VA07,VA08,VA09,VA10,VA11,VA12,VB01,VB02,VB03,VB04,VB05,VB06,VB07,VB08,VB09,VB10,VB11,VD01,VD02,VD03,VD04,VD05,VD06,VD07,VD08,VD09,VD10,VD11,VD12,VD13,HSNL,HSNR,VC01,VC02,VC03,VC04,VC05,VC06
flp-5,flp-5,flp-5,flp-5,flp-5,flp-5,flp-2,flp-4,flp-5,flp-13,flp-13,flp-4,flp-4,flp-4,flp-13,flp-2,flp-2,flp-5,flp-4,flp-4,flp-19,flp-19,flp-4,flp-4,flp-6,flp-6,flp-4,flp-4,flp-7,flp-7,flp-5,flp-5,flp-15,flp-15,flp-5,flp-5,flp-4,flp-4,flp-6,flp-6,flp-4,flp-4,flp-6,flp-6,flp-5,flp-5,flp-9,flp-9,flp-5,flp-5,flp-5,flp-5,flp-5,flp-5,flp-18,flp-18,flp-4,flp-4,flp-4,flp-4,flp-6,flp-6,flp-4,flp-4,flp-4,flp-4,flp-34,flp-34,flp-5,flp-5,flp-4,flp-4,flp-4,flp-4,flp-4,flp-4,flp-2,flp-2,flp-5,flp-5,flp-5,flp-5,flp-2,flp-2,flp-2,flp-2,flp-6,flp-6,flp-4,flp-4,flp-4,flp-4,flp-24,flp-24,flp-2,flp-2,flp-3,flp-3,flp-11,flp-6,flp-6,flp-2,flp-2,nlp-8,nlp-8,flp-2,flp-2,flp-7,flp-7,flp-2,flp-2,flp-5,flp-5,flp-19,flp-19,flp-5,flp-4,flp-4,flp-2,flp-2,flp-9,flp-9,nlp-1,nlp-1,flp-2,flp-2,flp-5,flp-5,flp-5,flp-5,flp-16,flp-16,flp-6,flp-4,flp-11,flp-5,flp-5,flp-27,flp-27,flp-5,flp-2,flp-2,flp-11,flp-11,flp-1,flp-1,flp-5,flp-10,flp-7,flp-7,flp-7,flp-5,flp-5,flp-5,flp-5,flp-4,flp-5,flp-7,flp-7,flp-2,flp-2,flp-2,flp-16,flp-16,flp-9,flp-9,flp-6,flp-6,flp-5,flp-5,flp-4,flp-4,flp-2,flp-2,flp-2,flp-2,flp-11,flp-11,flp-11,flp-7,flp-7,flp-3,flp-3,flp-3,flp-3,flp-3,flp-3,flp-9,flp-9,flp-9,flp-9,flp-9,flp-9,flp-9,flp-9,flp-9,flp-9,flp-9,flp-9,flp-9,flp-9,flp-5,nlp-31,nlp-31,flp-5,flp-9,flp-9,flp-4,flp-4,flp-5,flp-5,flp-12,flp-12,flp-12,flp-12,flp-5,flp-5,flp-5,flp-5,flp-15,flp-15,flp-15,flp-15,flp-11,flp-11,flp-11,flp-11,flp-11,flp-11,flp-11,flp-11,flp-4,flp-5,flp-7,flp-9,flp-9,flp-9,flp-9,flp-9,flp-9,nlp-9,nlp-9,nlp-9,nlp-9,nlp-9,nlp-9,nlp-9,nlp-9,nlp-9,nlp-9,nlp-9,flp-5,flp-9,flp-9,flp-9,flp-9,flp-9,flp-9,flp-9,flp-9,flp-9,flp-9,flp-9,flp-9,flp-9,flp-9,flp-9,flp-9,flp-9,flp-4,flp-9,flp-7,flp-9,flp-9,flp-9,flp-9,flp-9,flp-9,flp-9,flp-9,flp-9,flp-9,flp-9,flp-9,flp-9,flp-9,flp-9,flp-9,flp-9,flp-9,flp-9,flp-9,flp-9,flp-9,flp-2,flp-2,flp-2,flp-2,flp-2,flp-3,flp-3,flp-2
flp-15,flp-15,flp-15,flp-15,flp-13,flp-13,flp-4,flp-5,flp-26,flp-18,flp-18,flp-5,flp-5,flp-5,flp-28,flp-21,flp-21,flp-6,flp-19,flp-19,flp-21,flp-21,flp-5,flp-5,flp-16,flp-9,flp-5,flp-5,flp-13,flp-13,flp-7,flp-7,flp-21,flp-21,flp-7,flp-7,flp-10,flp-10,flp-9,flp-9,flp-6,flp-6,flp-27,flp-27,flp-11,flp-11,flp-11,flp-11,flp-11,flp-11,flp-9,flp-9,flp-9,flp-9,nlp-33,nlp-33,flp-22,flp-22,flp-22,flp-22,flp-16,flp-16,flp-7,flp-5,flp-9,flp-9,nlp-9,nlp-9,flp-34,flp-34,flp-5,flp-5,flp-14,flp-14,flp-6,flp-6,flp-8,flp-8,flp-15,flp-15,flp-15,flp-15,flp-5,flp-3,flp-5,flp-5,flp-12,flp-12,flp-5,flp-5,flp-5,flp-5,flp-32,flp-32,flp-5,flp-5,flp-16,flp-16,flp-15,flp-8,flp-8,flp-9,flp-9,nlp-11,nlp-11,flp-9,flp-9,flp-16,flp-16,flp-5,flp-5,flp-9,flp-9,flp-32,flp-32,flp-7,flp-5,flp-5,flp-5,flp-5,nlp-4,nlp-4,nlp-15,nlp-15,flp-9,flp-9,flp-16,flp-16,flp-9,flp-9,flp-18,flp-18,flp-9,flp-9,flp-26,flp-14,flp-14,nlp-3,nlp-3,flp-7,flp-5,flp-5,flp-19,flp-19,flp-16,flp-16,flp-6,flp-22,flp-15,flp-9,flp-9,flp-9,flp-9,flp-16,flp-16,flp-5,flp-9,flp-9,flp-9,flp-12,flp-9,flp-9,flp-18,flp-18,flp-14,flp-14,flp-14,flp-14,flp-6,flp-6,flp-5,flp-5,flp-5,flp-5,flp-5,flp-5,flp-18,flp-18,flp-18,flp-18,flp-18,flp-9,flp-9,flp-9,flp-9,flp-9,flp-9,flp-14,flp-14,flp-14,flp-14,flp-18,flp-18,flp-18,flp-18,nlp-9,nlp-9,flp-18,flp-18,nlp-9,nlp-9,flp-16,nlp-33,nlp-33,flp-16,flp-18,flp-18,flp-21,flp-21,flp-9,flp-9,flp-16,flp-16,flp-16,flp-16,flp-7,flp-7,flp-7,flp-7,flp-32,flp-32,flp-32,flp-32,nlp-9,nlp-9,nlp-9,nlp-9,nlp-9,nlp-9,nlp-9,nlp-9,flp-12,flp-6,flp-9,flp-11,flp-11,flp-11,flp-11,flp-11,flp-11,nlp-11,nlp-11,nlp-11,nlp-11,nlp-11,nlp-11,nlp-11,nlp-11,nlp-11,nlp-11,nlp-11,flp-10,flp-15,flp-15,flp-15,flp-15,flp-15,flp-15,flp-11,flp-11,flp-11,flp-11,flp-11,flp-11,flp-11,flp-11,flp-11,flp-11,flp-11,flp-12,flp-18,flp-9,flp-11,flp-11,flp-11,flp-11,flp-11,flp-11,flp-11,flp-11,flp-11,flp-15,flp-15,flp-15,flp-15,flp-15,flp-15,flp-15,flp-15,flp-15,flp-15,flp-15,flp-15,flp-15,flp-3,flp-3,flp-3,flp-3,flp-3,flp-22,flp-22,flp-3
flp-21,flp-21,flp-34,flp-34,flp-15,flp-16,flp-5,flp-13,flp-28,flp-21,flp-21,flp-13,flp-13,flp-13,nlp-25,nlp-27,nlp-27,flp-13,flp-21,flp-21,flp-22,flp-22,flp-16,flp-16,flp-20,flp-10,flp-19,flp-19,flp-16,flp-16,flp-9,flp-9,flp-34,flp-34,flp-9,flp-9,flp-16,flp-16,flp-14,flp-14,flp-9,flp-9,nlp-3,nlp-3,flp-16,flp-16,flp-14,flp-14,flp-16,flp-16,flp-15,flp-15,flp-15,flp-15,nlp-40,nlp-40,flp-34,flp-34,flp-34,flp-34,flp-20,flp-20,flp-14,flp-7,flp-16,flp-16,nlp-20,nlp-20,nlp-11,nlp-11,flp-6,flp-6,nlp-10,nlp-10,flp-10,flp-10,flp-9,flp-9,flp-24,flp-24,flp-24,flp-24,flp-7,flp-4,flp-9,flp-9,flp-25,flp-25,flp-7,flp-7,flp-7,flp-7,nlp-15,nlp-15,flp-6,flp-6,flp-27,flp-27,flp-16,flp-16,flp-16,flp-19,flp-19,nlp-15,nlp-15,flp-18,flp-18,flp-20,flp-20,flp-7,flp-7,flp-22,flp-22,flp-34,flp-34,flp-9,flp-9,flp-9,flp-10,flp-10,nlp-7,nlp-7,nlp-18,nlp-18,nlp-13,nlp-13,flp-22,flp-22,nlp-5,nlp-5,flp-24,flp-24,flp-18,flp-16,flp-27,flp-16,flp-16,nlp-14,nlp-14,flp-14,flp-12,flp-12,flp-26,flp-26,nlp-8,nlp-8,flp-18,flp-28,flp-24,flp-18,flp-18,flp-16,flp-16,flp-20,flp-20,flp-7,flp-16,flp-10,flp-10,flp-14,flp-14,flp-14,nlp-1,nlp-1,flp-18,flp-18,flp-25,flp-25,flp-18,flp-18,flp-7,flp-7,flp-7,flp-7,flp-7,flp-7,nlp-9,nlp-9,nlp-9,flp-19,flp-19,flp-24,flp-24,flp-24,flp-24,flp-24,flp-24,flp-27,flp-27,flp-27,flp-27,nlp-9,nlp-9,nlp-9,nlp-9,nlp-13,nlp-13,flp-19,flp-19,nlp-13,nlp-13,flp-24,nlp-52,nlp-52,flp-24,flp-19,flp-19,flp-22,flp-22,flp-18,flp-18,nlp-20,nlp-20,nlp-20,nlp-20,flp-9,flp-9,flp-9,flp-9,nlp-1,nlp-1,nlp-1,nlp-1,nlp-11,nlp-11,nlp-11,nlp-11,nlp-11,nlp-11,nlp-11,nlp-11,flp-18,flp-9,flp-11,flp-18,flp-18,flp-18,flp-18,flp-18,flp-18,nlp-15,nlp-15,nlp-15,nlp-15,nlp-15,nlp-15,nlp-15,nlp-15,nlp-15,nlp-15,nlp-15,nlp-7,nlp-13,nlp-13,nlp-13,nlp-13,nlp-13,nlp-13,flp-32,flp-32,flp-32,flp-32,flp-32,flp-32,flp-32,flp-32,flp-32,flp-32,flp-32,flp-18,flp-32,flp-11,flp-16,flp-16,flp-16,flp-16,flp-16,flp-16,flp-16,flp-16,flp-16,nlp-13,nlp-13,nlp-13,nlp-13,nlp-13,nlp-13,nlp-13,nlp-13,nlp-13,nlp-13,nlp-13,nlp-13,nlp-13,flp-19,flp-19,flp-6,flp-6,flp-6,flp-24,flp-24,flp-6
flp-22,flp-22,nlp-3,nlp-3,flp-34,nlp-13,flp-13,flp-26,nlp-6,flp-34,flp-34,flp-32,flp-32,flp-21,nlp-54,,,flp-34,flp-34,flp-34,flp-24,flp-24,flp-25,flp-25,nlp-1,flp-16,flp-22,flp-22,flp-18,flp-18,nlp-1,nlp-1,nlp-1,nlp-1,flp-13,flp-13,flp-19,flp-19,flp-16,flp-16,flp-16,flp-16,nlp-7,nlp-7,flp-32,flp-32,flp-15,flp-15,flp-32,flp-32,flp-16,flp-16,flp-16,flp-16,nlp-45,nlp-45,nlp-10,nlp-10,nlp-10,nlp-10,nlp-4,nlp-4,flp-16,flp-8,flp-20,flp-20,,,nlp-20,nlp-20,flp-14,flp-14,nlp-11,nlp-11,flp-13,flp-13,flp-11,flp-11,flp-32,flp-32,flp-32,flp-32,flp-14,flp-5,flp-33,flp-33,flp-33,flp-33,flp-9,flp-9,flp-9,flp-9,nlp-31,nlp-31,flp-9,flp-9,flp-28,flp-28,flp-18,flp-21,flp-21,flp-22,flp-22,nlp-18,nlp-18,flp-21,flp-21,nlp-7,nlp-7,flp-16,flp-16,flp-27,flp-27,nlp-1,nlp-1,flp-13,flp-12,flp-12,nlp-15,nlp-15,nlp-47,nlp-47,nlp-45,nlp-45,nlp-27,nlp-27,flp-32,flp-32,nlp-10,nlp-10,flp-26,flp-26,flp-34,flp-20,flp-34,flp-21,flp-21,nlp-25,nlp-25,flp-22,flp-26,flp-26,nlp-8,nlp-8,nlp-10,nlp-10,flp-19,nlp-6,nlp-11,flp-22,flp-22,flp-22,flp-22,flp-26,flp-26,flp-10,nlp-8,flp-11,flp-11,nlp-9,flp-20,flp-20,nlp-8,nlp-8,nlp-8,nlp-8,nlp-1,nlp-1,nlp-10,nlp-10,flp-12,flp-12,flp-9,flp-9,flp-9,flp-9,nlp-13,nlp-13,nlp-13,flp-27,flp-27,nlp-11,nlp-11,nlp-11,nlp-11,nlp-11,nlp-11,nlp-9,nlp-9,nlp-9,nlp-9,nlp-21,nlp-21,nlp-21,nlp-21,nlp-21,nlp-21,flp-22,flp-22,nlp-21,nlp-21,nlp-11,nlp-78,nlp-78,nlp-11,flp-22,flp-22,flp-32,flp-32,flp-22,flp-22,nlp-35,nlp-35,nlp-35,nlp-35,flp-22,flp-22,flp-22,flp-22,nlp-7,nlp-7,nlp-7,nlp-7,nlp-13,nlp-13,nlp-13,nlp-13,nlp-13,nlp-13,nlp-13,nlp-13,flp-27,flp-12,flp-18,nlp-9,nlp-9,nlp-9,nlp-9,nlp-9,nlp-9,nlp-21,nlp-21,nlp-21,nlp-21,nlp-21,nlp-21,nlp-21,nlp-21,nlp-21,nlp-21,nlp-21,nlp-9,nlp-15,nlp-15,nlp-15,nlp-15,nlp-15,nlp-15,nlp-9,nlp-9,nlp-9,nlp-9,nlp-9,nlp-9,nlp-9,nlp-9,nlp-9,nlp-9,nlp-9,flp-20,nlp-1,flp-18,flp-18,flp-18,flp-18,flp-18,flp-18,flp-18,flp-18,flp-18,flp-18,nlp-15,nlp-15,nlp-15,nlp-15,nlp-15,nlp-15,nlp-15,nlp-15,nlp-15,nlp-15,nlp-15,nlp-15,nlp-15,flp-22,flp-22,flp-9,flp-9,flp-9,flp-27,flp-27,flp-9
flp-24,flp-24,nlp-7,nlp-7,nlp-3,nlp-27,flp-32,flp-32,nlp-10,nlp-8,nlp-8,nlp-10,nlp-10,flp-27,nlp-59,,,nlp-3,nlp-3,nlp-3,flp-34,flp-34,nlp-7,nlp-7,nlp-3,nlp-3,flp-24,flp-24,flp-21,flp-21,nlp-3,nlp-3,nlp-3,nlp-3,flp-16,flp-16,flp-27,flp-27,nlp-1,nlp-1,nlp-1,nlp-1,nlp-16,nlp-16,nlp-9,nlp-9,flp-32,flp-32,nlp-9,nlp-9,flp-18,flp-18,flp-18,flp-18,nlp-66,nlp-66,nlp-16,nlp-16,nlp-16,nlp-16,nlp-7,nlp-7,flp-20,flp-16,nlp-7,nlp-7,,,nlp-27,nlp-27,flp-16,flp-16,nlp-45,nlp-45,flp-16,flp-16,flp-14,flp-14,nlp-6,nlp-6,nlp-6,nlp-6,flp-16,flp-7,nlp-29,nlp-29,nlp-36,nlp-36,flp-10,flp-10,flp-16,flp-16,nlp-44,nlp-44,flp-12,flp-12,flp-34,flp-34,flp-19,flp-32,flp-32,nlp-1,nlp-1,nlp-21,nlp-21,nlp-14,nlp-14,nlp-9,nlp-9,flp-25,flp-25,nlp-10,nlp-10,nlp-11,nlp-11,flp-16,flp-27,flp-27,nlp-27,nlp-27,nlp-50,nlp-50,nlp-50,nlp-50,pdf-1,pdf-1,nlp-1,nlp-1,nlp-11,nlp-11,nlp-1,nlp-1,nlp-5,flp-24,nlp-4,nlp-10,nlp-10,nlp-31,nlp-31,nlp-1,flp-28,flp-28,nlp-14,nlp-14,nlp-21,nlp-21,flp-22,nlp-40,nlp-13,nlp-1,nlp-1,nlp-7,nlp-7,nlp-8,nlp-8,flp-11,nlp-10,flp-16,flp-16,nlp-14,flp-22,flp-22,nlp-9,nlp-9,nlp-21,nlp-21,nlp-9,nlp-9,nlp-11,nlp-11,flp-14,flp-14,flp-12,flp-12,flp-12,flp-12,nlp-15,nlp-15,nlp-15,flp-28,flp-28,nlp-33,nlp-33,nlp-33,nlp-33,nlp-33,nlp-33,nlp-15,nlp-15,nlp-15,nlp-15,nlp-27,nlp-27,nlp-27,nlp-27,nlp-31,nlp-31,nlp-1,nlp-1,nlp-31,nlp-31,nlp-27,nlp-81,nlp-81,nlp-27,flp-24,flp-24,nlp-9,nlp-9,flp-28,flp-28,nlp-47,nlp-47,nlp-47,nlp-47,nlp-1,nlp-1,nlp-1,nlp-1,nlp-9,nlp-9,nlp-9,nlp-9,nlp-15,nlp-15,nlp-15,nlp-15,nlp-15,nlp-15,nlp-15,nlp-15,nlp-9,flp-18,nlp-9,nlp-14,nlp-14,nlp-14,nlp-14,nlp-14,nlp-14,nlp-38,nlp-38,nlp-38,nlp-38,nlp-38,nlp-38,nlp-38,nlp-38,nlp-38,nlp-38,nlp-38,nlp-11,nlp-78,nlp-78,nlp-78,nlp-78,nlp-78,nlp-78,nlp-13,nlp-13,nlp-13,nlp-13,nlp-13,nlp-13,nlp-13,nlp-13,nlp-13,nlp-13,nlp-13,flp-24,nlp-9,flp-32,flp-32,flp-32,flp-32,flp-32,flp-32,flp-32,flp-32,flp-32,flp-32,nlp-78,nlp-78,nlp-78,nlp-78,nlp-78,nlp-78,nlp-78,nlp-78,nlp-78,nlp-78,nlp-78,nlp-78,nlp-78,flp-23,flp-23,flp-22,flp-22,flp-22,flp-28,flp-28,flp-22
nlp-3,nlp-3,nlp-10,nlp-10,nlp-7,nlp-54,nlp-6,nlp-6,nlp-13,nlp-9,nlp-9,nlp-59,nlp-59,flp-28,nlp-72,,,nlp-25,nlp-11,nlp-11,nlp-3,nlp-3,nlp-8,nlp-8,nlp-29,nlp-5,flp-27,flp-27,flp-25,flp-25,nlp-14,nlp-14,nlp-21,nlp-21,nlp-3,nlp-3,flp-32,flp-32,nlp-3,nlp-3,nlp-3,nlp-3,nlp-27,nlp-27,nlp-38,nlp-38,nlp-3,nlp-3,nlp-38,nlp-38,flp-21,flp-21,flp-21,flp-21,,,nlp-22,nlp-22,nlp-22,nlp-22,nlp-9,nlp-9,nlp-10,flp-20,nlp-9,nlp-9,,,,,nlp-11,nlp-11,nlp-50,nlp-50,flp-17,flp-17,flp-15,flp-15,nlp-8,nlp-8,nlp-8,nlp-8,flp-20,flp-9,nlp-36,nlp-36,nlp-45,nlp-45,flp-15,flp-15,flp-25,flp-25,nlp-58,nlp-58,nlp-10,nlp-10,nlp-1,nlp-1,flp-24,nlp-7,nlp-7,nlp-10,nlp-10,nlp-40,nlp-40,nlp-15,nlp-15,nlp-11,nlp-11,flp-26,flp-26,nlp-11,nlp-11,nlp-18,nlp-18,flp-18,flp-34,flp-34,nlp-29,nlp-29,nlp-51,nlp-51,nlp-53,nlp-53,snet-1,snet-1,nlp-7,nlp-7,nlp-15,nlp-15,nlp-8,nlp-8,nlp-11,flp-27,nlp-8,nlp-14,nlp-14,nlp-35,nlp-35,nlp-8,nlp-8,nlp-8,nlp-15,nlp-15,nlp-41,nlp-41,flp-27,nlp-55,nlp-14,nlp-8,nlp-8,nlp-10,nlp-10,nlp-10,nlp-10,flp-14,nlp-11,flp-21,flp-21,nlp-15,flp-25,flp-25,nlp-11,nlp-11,nlp-36,nlp-36,nlp-10,nlp-10,nlp-14,nlp-14,flp-16,flp-16,flp-19,flp-19,flp-19,flp-19,nlp-21,nlp-21,nlp-21,nlp-8,nlp-8,nlp-41,nlp-41,nlp-41,nlp-41,nlp-41,nlp-41,nlp-18,nlp-18,nlp-18,nlp-18,nlp-53,nlp-53,nlp-53,nlp-53,nlp-45,nlp-45,nlp-9,nlp-9,nlp-45,nlp-45,nlp-29,,,nlp-29,nlp-9,nlp-9,nlp-11,nlp-11,nlp-1,nlp-1,nlp-49,nlp-49,nlp-49,nlp-49,nlp-9,nlp-9,nlp-9,nlp-9,nlp-11,nlp-11,nlp-11,nlp-11,nlp-21,nlp-21,nlp-21,nlp-21,nlp-21,nlp-21,nlp-21,nlp-21,nlp-11,nlp-6,nlp-15,nlp-15,nlp-15,nlp-15,nlp-15,nlp-15,nlp-15,,,,,,,,,,,,,,,,,,,nlp-15,nlp-15,nlp-15,nlp-15,nlp-15,nlp-15,nlp-15,nlp-15,nlp-15,nlp-15,nlp-15,flp-27,nlp-15,nlp-1,nlp-9,nlp-9,nlp-9,nlp-9,nlp-9,nlp-9,nlp-9,nlp-9,nlp-9,,,,,,,,,,,,,,flp-24,flp-24,flp-28,flp-28,flp-28,nlp-4,nlp-4,flp-28
nlp-10,nlp-10,nlp-43,nlp-43,nlp-10,nlp-68,nlp-11,nlp-10,nlp-31,nlp-11,nlp-11,nlp-68,nlp-68,flp-32,nlp-80,,,nlp-54,nlp-13,nlp-13,nlp-16,nlp-16,nlp-10,nlp-10,nlp-32,nlp-7,flp-34,flp-34,nlp-3,nlp-3,nlp-47,nlp-47,nlp-25,nlp-25,nlp-4,nlp-4,nlp-1,nlp-1,nlp-29,nlp-29,nlp-8,nlp-8,nlp-41,nlp-41,nlp-43,nlp-43,nlp-9,nlp-9,nlp-43,nlp-43,flp-22,flp-22,flp-22,flp-22,,,nlp-27,nlp-27,nlp-27,nlp-27,nlp-25,nlp-25,nlp-13,flp-27,nlp-50,nlp-50,,,,,nlp-13,nlp-13,nlp-58,nlp-58,flp-18,flp-18,flp-19,flp-19,nlp-16,nlp-16,nlp-16,nlp-16,flp-21,flp-13,nlp-45,nlp-45,nlp-55,nlp-55,flp-16,flp-16,nlp-1,nlp-1,nlp-79,nlp-79,nlp-27,nlp-27,nlp-6,nlp-6,nlp-8,nlp-11,nlp-11,nlp-15,nlp-15,nlp-53,nlp-53,nlp-27,nlp-27,nlp-13,nlp-13,nlp-8,nlp-8,nlp-18,nlp-18,nlp-35,nlp-35,flp-24,nlp-1,nlp-1,nlp-31,nlp-31,nlp-68,nlp-68,,,,,nlp-9,nlp-9,nlp-18,nlp-18,nlp-11,nlp-11,nlp-13,flp-28,nlp-11,nlp-21,nlp-21,,,nlp-10,nlp-10,nlp-10,nlp-21,nlp-21,nlp-49,nlp-49,flp-28,,nlp-25,nlp-12,nlp-12,nlp-11,nlp-11,nlp-13,nlp-13,flp-16,nlp-25,flp-22,flp-22,nlp-21,flp-26,flp-26,nlp-13,nlp-13,nlp-50,nlp-50,nlp-13,nlp-13,nlp-15,nlp-15,flp-19,flp-19,nlp-9,nlp-9,nlp-9,nlp-9,nlp-31,nlp-31,nlp-31,nlp-11,nlp-11,,,,,,,nlp-53,nlp-53,nlp-53,nlp-53,,,,,,,nlp-11,nlp-11,,,nlp-41,,,nlp-41,nlp-11,nlp-11,nlp-21,nlp-21,nlp-4,nlp-4,nlp-55,nlp-55,nlp-55,nlp-55,nlp-11,nlp-11,nlp-11,nlp-11,nlp-33,nlp-33,nlp-33,nlp-33,nlp-53,nlp-53,nlp-53,nlp-53,nlp-53,nlp-53,nlp-53,nlp-53,nlp-13,nlp-9,nlp-21,nlp-21,nlp-21,nlp-21,nlp-21,nlp-21,nlp-21,,,,,,,,,,,,,,,,,,,nlp-21,nlp-21,nlp-21,nlp-21,nlp-21,nlp-21,nlp-21,nlp-21,nlp-21,nlp-21,nlp-21,nlp-1,nlp-21,nlp-9,nlp-14,nlp-14,nlp-14,nlp-14,nlp-14,nlp-14,nlp-14,nlp-14,nlp-14,,,,,,,,,,,,,,flp-26,flp-26,nlp-6,nlp-6,nlp-6,nlp-7,nlp-7,nlp-6
nlp-27,nlp-27,nlp-59,nlp-59,nlp-11,nlp-79,nlp-17,nlp-15,nlp-49,nlp-13,nlp-13,,,flp-34,,,,nlp-67,nlp-41,nlp-41,nlp-27,nlp-27,nlp-14,nlp-14,nlp-47,nlp-8,nlp-1,nlp-1,nlp-14,nlp-14,nlp-57,nlp-57,nlp-32,nlp-32,nlp-5,nlp-5,nlp-2,nlp-2,nlp-47,nlp-47,nlp-31,nlp-31,nlp-50,nlp-50,nlp-47,nlp-47,nlp-21,nlp-21,nlp-47,nlp-47,flp-27,flp-27,flp-27,flp-27,,,nlp-29,nlp-29,nlp-29,nlp-29,nlp-43,nlp-43,nlp-53,nlp-14,nlp-52,nlp-52,,,,,nlp-18,nlp-18,nlp-79,nlp-79,flp-19,flp-19,flp-21,flp-21,nlp-40,nlp-40,nlp-40,nlp-40,nlp-14,flp-14,nlp-52,nlp-52,,,flp-25,flp-25,nlp-22,nlp-22,,,nlp-35,nlp-35,nlp-10,nlp-10,nlp-11,nlp-18,nlp-18,nlp-35,nlp-35,nlp-61,nlp-61,nlp-33,nlp-33,nlp-18,nlp-18,nlp-13,nlp-13,nlp-35,nlp-35,nlp-42,nlp-42,flp-27,nlp-10,nlp-10,nlp-33,nlp-33,nlp-73,nlp-73,,,,,nlp-11,nlp-11,nlp-21,nlp-21,nlp-14,nlp-14,nlp-33,flp-34,nlp-13,nlp-31,nlp-31,,,nlp-11,nlp-11,nlp-11,nlp-67,nlp-67,nlp-50,nlp-50,nlp-6,,nlp-27,nlp-15,nlp-15,nlp-14,nlp-14,nlp-14,nlp-14,flp-20,nlp-31,flp-27,flp-27,nlp-31,nlp-1,nlp-1,nlp-14,nlp-14,pdf-1,pdf-1,nlp-14,nlp-14,nlp-21,nlp-21,flp-20,flp-20,nlp-21,nlp-21,nlp-21,nlp-21,nlp-38,nlp-38,nlp-38,nlp-13,nlp-13,,,,,,,nlp-59,nlp-59,nlp-59,nlp-59,,,,,,,nlp-21,nlp-21,,,nlp-52,,,nlp-52,nlp-15,nlp-15,nlp-47,nlp-47,nlp-9,nlp-9,nlp-59,nlp-59,nlp-59,nlp-59,nlp-13,nlp-13,nlp-13,nlp-13,nlp-35,nlp-35,nlp-35,nlp-35,,,,,,,,,nlp-21,nlp-10,nlp-38,nlp-38,nlp-38,nlp-38,nlp-38,nlp-38,nlp-38,,,,,,,,,,,,,,,,,,,nlp-33,nlp-33,nlp-33,nlp-33,nlp-33,nlp-33,nlp-33,nlp-33,nlp-33,nlp-33,nlp-33,nlp-9,nlp-38,nlp-14,nlp-15,nlp-15,nlp-15,nlp-15,nlp-15,nlp-15,nlp-15,nlp-15,nlp-15,,,,,,,,,,,,,,flp-28,flp-28,nlp-9,nlp-9,nlp-9,nlp-15,nlp-15,nlp-9
nlp-31,nlp-31,nlp-79,nlp-79,nlp-17,,nlp-68,nlp-33,nlp-57,nlp-35,nlp-35,,,nlp-11,,,,,nlp-54,nlp-54,nlp-31,nlp-31,nlp-47,nlp-47,nlp-78,nlp-21,nlp-11,nlp-11,nlp-50,nlp-50,,,nlp-47,nlp-47,nlp-8,nlp-8,nlp-3,nlp-3,nlp-48,nlp-48,nlp-33,nlp-33,nlp-60,nlp-60,,,nlp-43,nlp-43,,,nlp-16,nlp-16,nlp-16,nlp-16,,,nlp-36,nlp-36,nlp-36,nlp-36,nlp-50,nlp-50,nlp-55,nlp-19,nlp-55,nlp-55,,,,,nlp-21,nlp-21,,,nlp-3,nlp-3,flp-22,flp-22,nlp-43,nlp-43,nlp-43,nlp-43,nlp-25,flp-16,nlp-68,nlp-68,,,flp-34,flp-34,nlp-36,nlp-36,,,nlp-48,nlp-48,nlp-11,nlp-11,nlp-12,nlp-21,nlp-21,nlp-37,nlp-37,pdf-1,pdf-1,nlp-37,nlp-37,nlp-36,nlp-36,nlp-16,nlp-16,nlp-41,nlp-41,nlp-47,nlp-47,flp-32,nlp-21,nlp-21,nlp-64,nlp-64,nlp-80,nlp-80,,,,,nlp-13,nlp-13,nlp-27,nlp-27,nlp-15,nlp-15,nlp-41,nlp-3,nlp-35,nlp-46,nlp-46,,,nlp-14,nlp-14,nlp-14,,,nlp-59,nlp-59,nlp-21,,nlp-36,nlp-21,nlp-21,nlp-15,nlp-15,nlp-17,nlp-17,flp-26,nlp-37,nlp-6,nlp-6,nlp-36,nlp-10,nlp-10,nlp-15,nlp-15,nlp-81,nlp-81,nlp-21,nlp-21,nlp-31,nlp-31,flp-25,flp-25,nlp-50,nlp-50,nlp-50,nlp-50,,,,nlp-21,nlp-21,,,,,,,pdf-1,pdf-1,pdf-1,pdf-1,,,,,,,nlp-31,nlp-31,,,,,,,nlp-21,nlp-21,nlp-50,nlp-50,nlp-10,nlp-10,pdf-1,pdf-1,pdf-1,pdf-1,nlp-21,nlp-21,nlp-21,nlp-21,nlp-38,nlp-38,nlp-38,nlp-38,,,,,,,,,nlp-69,nlp-13,nlp-57,nlp-71,nlp-71,nlp-71,nlp-71,nlp-71,nlp-71,,,,,,,,,,,,,,,,,,,nlp-58,nlp-58,nlp-58,nlp-58,nlp-58,nlp-58,nlp-58,nlp-58,nlp-58,nlp-58,nlp-58,nlp-11,nlp-45,nlp-15,nlp-21,nlp-21,nlp-21,nlp-21,nlp-21,nlp-21,nlp-21,nlp-21,nlp-21,,,,,,,,,,,,,,flp-34,flp-34,nlp-13,nlp-13,nlp-13,nlp-33,nlp-33,nlp-13
nlp-43,nlp-43,,,nlp-21,,nlp-80,nlp-67,nlp-62,nlp-62,nlp-62,,,nlp-54,,,,,nlp-79,nlp-79,nlp-33,nlp-33,nlp-50,nlp-50,,nlp-47,nlp-44,nlp-44,nlp-55,nlp-55,,,nlp-80,nlp-80,nlp-14,nlp-14,nlp-8,nlp-8,nlp-50,nlp-50,nlp-35,nlp-35,ntc-1,ntc-1,,,nlp-47,nlp-47,,,nlp-27,nlp-27,nlp-27,nlp-27,,,nlp-55,nlp-55,nlp-55,nlp-55,nlp-52,nlp-52,nlp-65,nlp-50,nlp-69,nlp-69,,,,,nlp-27,nlp-27,,,nlp-8,nlp-8,flp-34,flp-34,nlp-52,nlp-52,nlp-52,nlp-52,nlp-43,flp-19,,,,,nlp-7,nlp-7,nlp-76,nlp-76,,,nlp-49,nlp-49,nlp-27,nlp-27,nlp-14,nlp-31,nlp-31,nlp-38,nlp-38,snet-1,snet-1,nlp-38,nlp-38,nlp-41,nlp-41,nlp-19,nlp-19,nlp-47,nlp-47,nlp-50,nlp-50,nlp-4,nlp-31,nlp-31,nlp-72,nlp-72,,,,,,,nlp-15,nlp-15,nlp-35,nlp-35,nlp-21,nlp-21,nlp-47,nlp-25,snet-1,nlp-47,nlp-47,,,nlp-35,nlp-19,nlp-19,,,nlp-64,nlp-64,nlp-62,,nlp-41,nlp-35,nlp-35,nlp-31,nlp-31,nlp-21,nlp-21,flp-27,nlp-40,nlp-10,nlp-10,nlp-37,nlp-15,nlp-15,nlp-21,nlp-21,,,,,nlp-33,nlp-33,flp-26,flp-26,nlp-64,nlp-64,nlp-64,nlp-64,,,,nlp-31,nlp-31,,,,,,,,,,,,,,,,,nlp-53,nlp-53,,,,,,,nlp-42,nlp-42,nlp-64,nlp-64,nlp-11,nlp-11,,,,,nlp-41,nlp-41,nlp-41,nlp-41,nlp-47,nlp-47,nlp-47,nlp-47,,,,,,,,,,nlp-15,,pdf-1,pdf-1,pdf-1,pdf-1,pdf-1,pdf-1,,,,,,,,,,,,,,,,,,,nlp-71,nlp-71,nlp-71,nlp-71,nlp-71,nlp-71,nlp-71,nlp-71,nlp-71,nlp-71,nlp-71,nlp-13,nlp-52,nlp-21,nlp-38,nlp-38,nlp-38,nlp-38,nlp-38,nlp-38,nlp-38,nlp-38,nlp-38,,,,,,,,,,,,,,nlp-3,nlp-3,nlp-62,nlp-62,nlp-62,nlp-36,nlp-36,nlp-62
nlp-52,nlp-52,,,nlp-54,,nlp-81,nlp-68,nlp-68,nlp-68,nlp-68,,,nlp-62,,,,,nlp-80,nlp-80,nlp-47,nlp-47,nlp-53,nlp-53,,nlp-50,nlp-55,nlp-55,nlp-59,nlp-59,,,,,nlp-16,nlp-16,nlp-22,nlp-22,nlp-80,nlp-80,nlp-41,nlp-41,nlp-77,nlp-77,,,nlp-68,nlp-68,,,nlp-29,nlp-29,nlp-29,nlp-29,,,nlp-71,nlp-71,nlp-71,nlp-71,nlp-55,nlp-55,nlp-68,nlp-52,,,,,,,nlp-29,nlp-29,,,nlp-9,nlp-9,nlp-1,nlp-1,nlp-66,nlp-66,nlp-66,nlp-66,nlp-47,flp-21,,,,,nlp-14,nlp-14,nlp-82,nlp-82,,,nlp-64,nlp-64,nlp-33,nlp-33,nlp-15,nlp-41,nlp-41,nlp-41,nlp-41,,,nlp-41,nlp-41,nlp-48,nlp-48,nlp-27,nlp-27,nlp-49,nlp-49,nlp-57,nlp-57,nlp-8,nlp-37,nlp-37,,,,,,,,,nlp-21,nlp-21,nlp-38,nlp-38,nlp-41,nlp-41,nlp-48,nlp-41,,nlp-50,nlp-50,,,nlp-79,nlp-21,nlp-21,,,nlp-69,nlp-69,,,nlp-43,nlp-51,nlp-51,nlp-38,nlp-38,nlp-36,nlp-36,nlp-7,nlp-41,nlp-11,nlp-11,nlp-49,nlp-21,nlp-21,nlp-47,nlp-47,,,,,nlp-57,nlp-57,nlp-27,nlp-27,pdf-1,pdf-1,pdf-1,pdf-1,,,,nlp-40,nlp-40,,,,,,,,,,,,,,,,,nlp-64,nlp-64,,,,,,,nlp-48,nlp-48,pdf-1,pdf-1,nlp-13,nlp-13,,,,,nlp-64,nlp-64,nlp-64,nlp-64,nlp-48,nlp-48,nlp-48,nlp-48,,,,,,,,,,nlp-21,,,,,,,,,,,,,,,,,,,,,,,,,,,,,,,,,,,,,nlp-15,,nlp-38,nlp-58,nlp-58,nlp-58,nlp-58,nlp-58,nlp-58,nlp-58,nlp-58,nlp-58,,,,,,,,,,,,,,nlp-5,nlp-5,nlp-63,nlp-63,nlp-63,nlp-50,nlp-50,nlp-63
,,,,,,,nlp-72,nlp-72,nlp-71,nlp-71,,,nlp-68,,,,,nlp-81,nlp-81,nlp-71,nlp-71,nlp-55,nlp-55,,nlp-57,nlp-80,nlp-80,nlp-76,nlp-76,,,,,nlp-40,nlp-40,nlp-23,nlp-23,,,nlp-47,nlp-47,,,,,nlp-69,nlp-69,,,nlp-48,nlp-48,nlp-48,nlp-48,,,,,,,nlp-59,nlp-59,,nlp-53,,,,,,,nlp-31,nlp-31,,,nlp-13,nlp-13,nlp-3,nlp-3,snet-1,snet-1,snet-1,snet-1,nlp-50,flp-25,,,,,nlp-21,nlp-21,,,,,pdf-1,pdf-1,nlp-35,nlp-35,nlp-29,nlp-47,nlp-47,nlp-57,nlp-57,,,nlp-45,nlp-45,nlp-55,nlp-55,nlp-29,nlp-29,nlp-50,nlp-50,nlp-80,nlp-80,nlp-14,nlp-47,nlp-47,,,,,,,,,nlp-31,nlp-31,nlp-40,nlp-40,nlp-50,nlp-50,nlp-57,nlp-47,,nlp-56,nlp-56,,,,nlp-29,nlp-29,,,pdf-1,pdf-1,,,nlp-47,pdf-1,pdf-1,nlp-50,nlp-50,nlp-37,nlp-37,nlp-10,nlp-50,nlp-13,nlp-13,nlp-50,nlp-38,nlp-38,nlp-53,nlp-53,,,,,nlp-64,nlp-64,nlp-29,nlp-29,,,,,,,,nlp-41,nlp-41,,,,,,,,,,,,,,,,,,,,,,,,,nlp-52,nlp-52,snet-1,snet-1,nlp-15,nlp-15,,,,,pdf-1,pdf-1,pdf-1,pdf-1,,,,,,,,,,,,,,,,,,,,,,,,,,,,,,,,,,,,,,,,,,,,,,,,,,,nlp-21,,nlp-45,nlp-71,nlp-71,nlp-71,nlp-71,nlp-71,nlp-71,nlp-71,nlp-71,nlp-71,,,,,,,,,,,,,,nlp-15,nlp-15,,,,nlp-62,nlp-62,
,,,,,,,,,nlp-72,nlp-72,,,nlp-71,,,,,,,nlp-72,nlp-72,nlp-60,nlp-60,,nlp-59,,,nlp-81,nlp-81,,,,,nlp-47,nlp-47,nlp-47,nlp-47,,,,,,,,,,,,,nlp-52,nlp-52,nlp-52,nlp-52,,,,,,,nlp-69,nlp-69,,nlp-55,,,,,,,nlp-47,nlp-47,,,nlp-41,nlp-41,nlp-7,nlp-7,,,,,nlp-59,flp-28,,,,,nlp-27,nlp-27,,,,,nlp-79,nlp-79,nlp-47,nlp-47,nlp-31,nlp-81,nlp-81,,,,,nlp-50,nlp-50,nlp-57,nlp-57,nlp-37,nlp-37,nlp-51,nlp-51,,,nlp-27,nlp-49,nlp-49,,,,,,,,,nlp-33,nlp-33,nlp-50,nlp-50,nlp-53,nlp-53,nlp-68,nlp-52,,nlp-61,nlp-61,,,,nlp-31,nlp-31,,,,,,,nlp-53,,,nlp-55,nlp-55,nlp-41,nlp-41,nlp-11,nlp-53,nlp-43,nlp-43,pdf-1,nlp-50,nlp-50,nlp-57,nlp-57,,,,,,,nlp-73,nlp-73,,,,,,,,nlp-48,nlp-48,,,,,,,,,,,,,,,,,,,,,,,,,nlp-55,nlp-55,,,nlp-18,nlp-18,,,,,,,,,,,,,,,,,,,,,,,,,,,,,,,,,,,,,,,,,,,,,,,,,,,,,,,,,,,nlp-27,,nlp-58,,,,,,,,,,,,,,,,,,,,,,,nlp-25,nlp-25,,,,nlp-73,nlp-73,
,,,,,,,,,nlp-79,nlp-79,,,pdf-1,,,,,,,,,nlp-61,nlp-61,,nlp-60,,,,,,,,,nlp-52,nlp-52,nlp-50,nlp-50,,,,,,,,,,,,,nlp-58,nlp-58,nlp-58,nlp-58,,,,,,,,,,nlp-68,,,,,,,nlp-50,nlp-50,,,nlp-47,nlp-47,nlp-11,nlp-11,,,,,nlp-63,nlp-1,,,,,nlp-29,nlp-29,,,,,,,nlp-48,nlp-48,nlp-55,,,,,,,nlp-53,nlp-53,nlp-80,nlp-80,nlp-53,nlp-53,nlp-52,nlp-52,,,nlp-33,nlp-50,nlp-50,,,,,,,,,nlp-46,nlp-46,nlp-55,nlp-55,nlp-55,nlp-55,nlp-71,nlp-57,,nlp-63,nlp-63,,,,nlp-37,nlp-37,,,,,,,nlp-55,,,pdf-1,pdf-1,nlp-50,nlp-50,nlp-13,nlp-55,nlp-52,nlp-52,,nlp-59,nlp-59,,,,,,,,,pdf-1,pdf-1,,,,,,,,nlp-52,nlp-52,,,,,,,,,,,,,,,,,,,,,,,,,nlp-68,nlp-68,,,nlp-21,nlp-21,,,,,,,,,,,,,,,,,,,,,,,,,,,,,,,,,,,,,,,,,,,,,,,,,,,,,,,,,,,nlp-69,,nlp-71,,,,,,,,,,,,,,,,,,,,,,,nlp-31,nlp-31,,,,nlp-79,nlp-79,
,,,,,,,,,nlp-82,nlp-82,,,nlp-79,,,,,,,,,nlp-63,nlp-63,,nlp-69,,,,,,,,,nlp-53,nlp-53,nlp-59,nlp-59,,,,,,,,,,,,,nlp-66,nlp-66,nlp-66,nlp-66,,,,,,,,,,,,,,,,,nlp-66,nlp-66,,,nlp-48,nlp-48,nlp-18,nlp-18,,,,,pdf-1,nlp-3,,,,,nlp-31,nlp-31,,,,,,,nlp-49,nlp-49,ntc-1,,,,,,,nlp-55,nlp-55,,,nlp-59,nlp-59,nlp-55,nlp-55,,,nlp-42,nlp-52,nlp-52,,,,,,,,,nlp-49,nlp-49,nlp-57,nlp-57,,,,,,pdf-1,pdf-1,,,,nlp-41,nlp-41,,,,,,,,,,,,nlp-55,nlp-55,nlp-33,nlp-59,nlp-53,nlp-53,,pdf-1,pdf-1,,,,,,,,,,,,,,,,,,nlp-57,nlp-57,,,,,,,,,,,,,,,,,,,,,,,,,pdf-1,pdf-1,,,nlp-27,nlp-27,,,,,,,,,,,,,,,,,,,,,,,,,,,,,,,,,,,,,,,,,,,,,,,,,,,,,,,,,,,,,,,,,,,,,,,,,,,,,,,,,,,,nlp-33,nlp-33,,,,,,
,,,,,,,,,,,,,nlp-80,,,,,,,,,nlp-82,nlp-82,,nlp-78,,,,,,,,,nlp-55,nlp-55,nlp-61,nlp-61,,,,,,,,,,,,,,,,,,,,,,,,,,,,,,,,,,,,,nlp-49,nlp-49,nlp-21,nlp-21,,,,,nlp-80,nlp-13,,,,,nlp-46,nlp-46,,,,,,,nlp-55,nlp-55,nlp-81,,,,,,,nlp-61,nlp-61,,,nlp-60,nlp-60,nlp-57,nlp-57,,,nlp-53,nlp-55,nlp-55,,,,,,,,,nlp-53,nlp-53,pdf-1,pdf-1,,,,,,,,,,,nlp-50,nlp-50,,,,,,,,,,,,nlp-61,nlp-61,nlp-37,nlp-61,nlp-60,nlp-60,,nlp-82,nlp-82,,,,,,,,,,,,,,,,,,nlp-59,nlp-59,,,,,,,,,,,,,,,,,,,,,,,,,nlp-81,nlp-81,,,nlp-41,nlp-41,,,,,,,,,,,,,,,,,,,,,,,,,,,,,,,,,,,,,,,,,,,,,,,,,,,,,,,,,,,,,,,,,,,,,,,,,,,,,,,,,,,,nlp-36,nlp-36,,,,,,
,,,,,,,,,,,,,,,,,,,,,,snet-1,snet-1,,,,,,,,,,,nlp-59,nlp-59,nlp-71,nlp-71,,,,,,,,,,,,,,,,,,,,,,,,,,,,,,,,,,,,,nlp-50,nlp-50,nlp-41,nlp-41,,,,,,nlp-14,,,,,,,,,,,,,nlp-57,nlp-57,,,,,,,,pdf-1,pdf-1,,,nlp-61,nlp-61,nlp-70,nlp-70,,,nlp-58,nlp-57,nlp-57,,,,,,,,,nlp-57,nlp-57,,,,,,,,,,,,,nlp-68,nlp-68,,,,,,,,,,,,nlp-68,nlp-68,nlp-50,nlp-71,nlp-78,nlp-78,,,,,,,,,,,,,,,,,,,,,snet-1,snet-1,,,,,,,,,,,,,,,,,,,,,,,,,,,,,nlp-50,nlp-50,,,,,,,,,,,,,,,,,,,,,,,,,,,,,,,,,,,,,,,,,,,,,,,,,,,,,,,,,,,,,,,,,,,,,,,,,,,,,,,,,,,,nlp-41,nlp-41,,,,,,
,,,,,,,,,,,,,,,,,,,,,,,,,,,,,,,,,,nlp-61,nlp-61,nlp-80,nlp-80,,,,,,,,,,,,,,,,,,,,,,,,,,,,,,,,,,,,,nlp-55,nlp-55,nlp-47,nlp-47,,,,,,nlp-15,,,,,,,,,,,,,pdf-1,pdf-1,,,,,,,,,,,,pdf-1,pdf-1,nlp-73,nlp-73,,,nlp-67,nlp-80,nlp-80,,,,,,,,,nlp-61,nlp-61,,,,,,,,,,,,,pdf-1,pdf-1,,,,,,,,,,,,pdf-1,pdf-1,nlp-52,pdf-1,nlp-80,nlp-80,,,,,,,,,,,,,,,,,,,,,,,,,,,,,,,,,,,,,,,,,,,,,,,,,,,nlp-52,nlp-52,,,,,,,,,,,,,,,,,,,,,,,,,,,,,,,,,,,,,,,,,,,,,,,,,,,,,,,,,,,,,,,,,,,,,,,,,,,,,,,,,,,,nlp-53,nlp-53,,,,,,
,,,,,,,,,,,,,,,,,,,,,,,,,,,,,,,,,,pdf-1,pdf-1,,,,,,,,,,,,,,,,,,,,,,,,,,,,,,,,,,,,,,,nlp-59,nlp-59,nlp-52,nlp-52,,,,,,nlp-21,,,,,,,,,,,,,nlp-80,nlp-80,,,,,,,,,,,,nlp-82,nlp-82,pdf-1,pdf-1,,,nlp-78,,,,,,,,,,,nlp-81,nlp-81,,,,,,,,,,,,,,,,,,,,,,,,,,snet-1,snet-1,nlp-53,snet-1,,,,,,,,,,,,,,,,,,,,,,,,,,,,,,,,,,,,,,,,,,,,,,,,,,,,,nlp-53,nlp-53,,,,,,,,,,,,,,,,,,,,,,,,,,,,,,,,,,,,,,,,,,,,,,,,,,,,,,,,,,,,,,,,,,,,,,,,,,,,,,,,,,,,nlp-54,nlp-54,,,,,,
,,,,,,,,,,,,,,,,,,,,,,,,,,,,,,,,,,nlp-79,nlp-79,,,,,,,,,,,,,,,,,,,,,,,,,,,,,,,,,,,,,,,pdf-1,pdf-1,nlp-57,nlp-57,,,,,,nlp-46,,,,,,,,,,,,,,,,,,,,,,,,,,snet-1,snet-1,nlp-80,nlp-80,,,,,,,,,,,,,,,,,,,,,,,,,,,,,,,,,,,,,,,,,,,nlp-55,,,,,,,,,,,,,,,,,,,,,,,,,,,,,,,,,,,,,,,,,,,,,,,,,,,,,,nlp-64,nlp-64,,,,,,,,,,,,,,,,,,,,,,,,,,,,,,,,,,,,,,,,,,,,,,,,,,,,,,,,,,,,,,,,,,,,,,,,,,,,,,,,,,,,nlp-55,nlp-55,,,,,,
,,,,,,,,,,,,,,,,,,,,,,,,,,,,,,,,,,snet-1,snet-1,,,,,,,,,,,,,,,,,,,,,,,,,,,,,,,,,,,,,,,,,nlp-66,nlp-66,,,,,,nlp-50,,,,,,,,,,,,,,,,,,,,,,,,,,,,snet-1,snet-1,,,,,,,,,,,,,,,,,,,,,,,,,,,,,,,,,,,,,,,,,,,nlp-68,,,,,,,,,,,,,,,,,,,,,,,,,,,,,,,,,,,,,,,,,,,,,,,,,,,,,,pdf-1,pdf-1,,,,,,,,,,,,,,,,,,,,,,,,,,,,,,,,,,,,,,,,,,,,,,,,,,,,,,,,,,,,,,,,,,,,,,,,,,,,,,,,,,,,nlp-70,nlp-70,,,,,,
,,,,,,,,,,,,,,,,,,,,,,,,,,,,,,,,,,,,,,,,,,,,,,,,,,,,,,,,,,,,,,,,,,,,,,,,,,,,nlp-80,nlp-80,,,,,,nlp-59,,,,,,,,,,,,,,,,,,,,,,,,,,,,,,,,,,,,,,,,,,,,,,,,,,,,,,,,,,,,,,,,,,,,,,,,nlp-80,,,,,,,,,,,,,,,,,,,,,,,,,,,,,,,,,,,,,,,,,,,,,,,,,,,,,,,,,,,,,,,,,,,,,,,,,,,,,,,,,,,,,,,,,,,,,,,,,,,,,,,,,,,,,,,,,,,,,,,,,,,,,,,,,,,,,,,,,,,nlp-73,nlp-73,,,,,,
,,,,,,,,,,,,,,,,,,,,,,,,,,,,,,,,,,,,,,,,,,,,,,,,,,,,,,,,,,,,,,,,,,,,,,,,,,,,,,,,,,,nlp-66,,,,,,,,,,,,,,,,,,,,,,,,,,,,,,,,,,,,,,,,,,,,,,,,,,,,,,,,,,,,,,,,,,,,,,,,,,,,,,,,,,,,,,,,,,,,,,,,,,,,,,,,,,,,,,,,,,,,,,,,,,,,,,,,,,,,,,,,,,,,,,,,,,,,,,,,,,,,,,,,,,,,,,,,,,,,,,,,,,,,,,,,,,,,,,,,,,,,,,,,,,,,,,,,,,,nlp-80,nlp-80,,,,,,
,,,,,,,,,,,,,,,,,,,,,,,,,,,,,,,,,,,,,,,,,,,,,,,,,,,,,,,,,,,,,,,,,,,,,,,,,,,,,,,,,,,pdf-1,,,,,,,,,,,,,,,,,,,,,,,,,,,,,,,,,,,,,,,,,,,,,,,,,,,,,,,,,,,,,,,,,,,,,,,,,,,,,,,,,,,,,,,,,,,,,,,,,,,,,,,,,,,,,,,,,,,,,,,,,,,,,,,,,,,,,,,,,,,,,,,,,,,,,,,,,,,,,,,,,,,,,,,,,,,,,,,,,,,,,,,,,,,,,,,,,,,,,,,,,,,,,,,,,,,,,,,,,,
,,,,,,,,,,,,,,,,,,,,,,,,,,,,,,,,,,,,,,,,,,,,,,,,,,,,,,,,,,,,,,,,,,,,,,,,,,,,,,,,,,,nlp-79,,,,,,,,,,,,,,,,,,,,,,,,,,,,,,,,,,,,,,,,,,,,,,,,,,,,,,,,,,,,,,,,,,,,,,,,,,,,,,,,,,,,,,,,,,,,,,,,,,,,,,,,,,,,,,,,,,,,,,,,,,,,,,,,,,,,,,,,,,,,,,,,,,,,,,,,,,,,,,,,,,,,,,,,,,,,,,,,,,,,,,,,,,,,,,,,,,,,,,,,,,,,,,,,,,,,,,,,,,
,,,,,,,,,,,,,,,,,,,,,,,,,,,,,,,,,,,,,,,,,,,,,,,,,,,,,,,,,,,,,,,,,,,,,,,,,,,,,,,,,,,nlp-80,,,,,,,,,,,,,,,,,,,,,,,,,,,,,,,,,,,,,,,,,,,,,,,,,,,,,,,,,,,,,,,,,,,,,,,,,,,,,,,,,,,,,,,,,,,,,,,,,,,,,,,,,,,,,,,,,,,,,,,,,,,,,,,,,,,,,,,,,,,,,,,,,,,,,,,,,,,,,,,,,,,,,,,,,,,,,,,,,,,,,,,,,,,,,,,,,,,,,,,,,,,,,,,,,,,,,,,,,,
